"","WABH MMW constant pm_Tot","WABH MMW constant pm_Cor","WABH MMW constant pm_False","WABH MMW mean_pm adapt pm_Tot","WABH MMW mean_pm adapt pm_Cor","WABH MMW mean_pm adapt pm_False","WABH MMW 0.5 adapt pm_Tot","WABH MMW 0.5 adapt pm_Cor","WABH MMW 0.5 adapt pm_False","WABH MMW 0.9 adapt pm_Tot","WABH MMW 0.9 adapt pm_Cor","WABH MMW 0.9 adapt pm_False","WABH MMW mean_pm camt pm_Tot","WABH MMW mean_pm camt pm_Cor","WABH MMW mean_pm camt pm_False","WABH MMW 0.5 camt pm_Tot","WABH MMW 0.5 camt pm_Cor","WABH MMW 0.5 camt pm_False","WABH MMW 0.9 camt pm_Tot","WABH MMW 0.9 camt pm_Cor","WABH MMW 0.9 camt pm_False","Ten Rule_Tot","Ten Rule_Cor","Ten Rule_False","Adaptive BH_Tot","Adaptive BH_Cor","Adaptive BH_False","Regular BH_Tot","Regular BH_Cor","Regular BH_False","IHW_Tot","IHW_Cor","IHW_False","ADAPT_Tot","ADAPT_Cor","ADAPT_False","SWFDR_Tot","SWFDR_Cor","SWFDR_False","CAMT_Tot","CAMT_Cor","CAMT_False","LAWS_Tot","LAWS_Cor","LAWS_False"
"1",3,3,0,5,5,0,5,5,0,7,7,0,2,2,0,2,2,0,0,0,0,3,3,0,3,3,0,3,3,0,2,2,0,0,0,0,3,3,0,13,11,2,2,2,0
"2",7,7,0,8,8,0,5,5,0,2,2,0,3,3,0,3,3,0,2,2,0,6,6,0,6,6,0,6,6,0,13,12,1,0,0,0,6,6,0,24,23,1,10,9,1
"3",7,7,0,4,4,0,4,4,0,3,3,0,2,2,0,1,1,0,0,0,0,7,7,0,7,7,0,7,7,0,7,7,0,0,0,0,7,7,0,8,8,0,4,4,0
"4",12,11,1,11,10,1,5,4,1,1,0,1,11,10,1,11,10,1,8,6,2,10,9,1,9,8,1,9,8,1,8,7,1,0,0,0,9,8,1,14,12,2,10,9,1
"5",21,21,0,6,6,0,2,2,0,0,0,0,11,11,0,17,17,0,7,7,0,22,22,0,15,15,0,15,15,0,20,20,0,0,0,0,16,16,0,30,29,1,24,23,1
"6",25,24,1,18,15,3,19,15,4,7,4,3,19,18,1,25,23,2,13,12,1,23,22,1,14,14,0,14,14,0,22,21,1,0,0,0,14,14,0,17,17,0,20,20,0
"7",32,32,0,5,5,0,5,5,0,2,2,0,28,27,1,15,15,0,2,2,0,30,30,0,26,26,0,26,26,0,32,32,0,0,0,0,26,26,0,39,37,2,34,32,2
"8",22,22,0,16,16,0,10,10,0,0,0,0,10,10,0,5,5,0,2,2,0,22,22,0,20,20,0,20,20,0,22,22,0,0,0,0,20,20,0,19,18,1,25,25,0
"9",2,2,0,3,2,1,8,6,2,4,4,0,12,8,4,10,7,3,6,6,0,2,2,0,2,2,0,2,2,0,2,2,0,0,0,0,117,4,113,7,6,1,3,3,0
"10",55,51,4,36,35,1,35,34,1,11,10,1,57,54,3,54,50,4,29,27,2,51,48,3,50,47,3,50,47,3,50,47,3,0,0,0,50,47,3,59,56,3,58,54,4
"11",0,0,0,0,0,0,0,0,0,0,0,0,0,0,0,0,0,0,0,0,0,0,0,0,0,0,0,0,0,0,0,0,0,0,0,0,0,0,0,10,7,3,3,3,0
"12",20,18,2,8,8,0,9,9,0,7,7,0,0,0,0,0,0,0,0,0,0,18,16,2,7,6,1,7,6,1,13,12,1,0,0,0,7,6,1,26,21,5,20,18,2
"13",2,2,0,2,2,0,1,1,0,1,1,0,1,0,1,1,0,1,1,0,1,2,2,0,2,2,0,2,2,0,2,2,0,0,0,0,2,2,0,1,1,0,1,1,0
"14",10,10,0,3,3,0,1,1,0,0,0,0,0,0,0,0,0,0,0,0,0,9,9,0,4,4,0,4,4,0,5,5,0,0,0,0,4,4,0,10,10,0,12,12,0
"15",26,26,0,20,20,0,17,17,0,5,4,1,29,24,5,26,22,4,3,2,1,24,24,0,23,23,0,23,23,0,23,23,0,0,0,0,23,23,0,39,35,4,34,31,3
"16",18,18,0,7,7,0,5,5,0,0,0,0,5,5,0,4,4,0,1,1,0,14,14,0,14,14,0,14,14,0,16,16,0,0,0,0,14,14,0,31,27,4,20,20,0
"17",7,7,0,5,5,0,5,5,0,0,0,0,0,0,0,0,0,0,0,0,0,7,7,0,7,7,0,7,7,0,7,7,0,0,0,0,7,7,0,14,13,1,8,8,0
"18",13,12,1,0,0,0,0,0,0,0,0,0,1,1,0,1,1,0,0,0,0,12,11,1,6,6,0,6,6,0,14,13,1,0,0,0,7,7,0,13,10,3,14,13,1
"19",13,12,1,4,4,0,1,1,0,0,0,0,4,4,0,4,4,0,7,7,0,13,12,1,11,10,1,11,10,1,11,10,1,0,0,0,11,10,1,16,14,2,15,14,1
"20",34,32,2,23,23,0,15,15,0,4,4,0,0,0,0,0,0,0,0,0,0,27,26,1,27,25,2,27,25,2,32,30,2,0,0,0,27,25,2,28,22,6,24,21,3
"21",19,18,1,4,4,0,3,3,0,1,1,0,16,13,3,13,11,2,5,4,1,21,20,1,18,18,0,18,18,0,14,14,0,0,0,0,18,18,0,29,24,5,16,16,0
"22",33,32,1,17,13,4,11,7,4,0,0,0,35,34,1,37,36,1,18,18,0,33,32,1,32,31,1,32,31,1,31,30,1,0,0,0,32,31,1,32,31,1,40,39,1
"23",10,10,0,0,0,0,1,1,0,0,0,0,6,6,0,8,8,0,7,7,0,3,3,0,3,3,0,3,3,0,6,6,0,0,0,0,3,3,0,13,9,4,11,11,0
"24",15,15,0,1,1,0,0,0,0,0,0,0,0,0,0,0,0,0,0,0,0,16,16,0,12,12,0,12,12,0,13,13,0,0,0,0,13,13,0,21,20,1,18,18,0
"25",17,17,0,7,7,0,5,5,0,0,0,0,0,0,0,0,0,0,0,0,0,14,14,0,11,11,0,11,11,0,12,12,0,0,0,0,11,11,0,14,14,0,15,15,0
"26",13,13,0,8,8,0,7,7,0,0,0,0,0,0,0,0,0,0,0,0,0,10,10,0,10,10,0,10,10,0,13,13,0,0,0,0,17,10,7,13,10,3,10,10,0
"27",7,7,0,1,1,0,0,0,0,0,0,0,6,6,0,6,6,0,2,1,1,4,4,0,4,4,0,4,4,0,5,5,0,0,0,0,4,4,0,22,21,1,15,15,0
"28",9,9,0,7,7,0,8,8,0,2,2,0,4,4,0,2,2,0,1,1,0,9,9,0,8,8,0,8,8,0,13,12,1,0,0,0,8,8,0,11,11,0,18,17,1
"29",8,8,0,5,5,0,5,5,0,1,1,0,9,9,0,16,16,0,3,2,1,9,9,0,7,7,0,7,7,0,7,7,0,0,0,0,7,7,0,20,19,1,7,7,0
"30",10,10,0,6,6,0,5,4,1,0,0,0,0,0,0,0,0,0,0,0,0,7,7,0,7,7,0,7,7,0,7,7,0,0,0,0,7,7,0,16,15,1,15,15,0
"31",5,5,0,1,1,0,1,1,0,1,1,0,0,0,0,0,0,0,0,0,0,5,5,0,3,3,0,3,3,0,7,7,0,0,0,0,3,3,0,10,10,0,5,5,0
"32",0,0,0,1,1,0,1,1,0,0,0,0,0,0,0,0,0,0,0,0,0,0,0,0,0,0,0,0,0,0,0,0,0,0,0,0,0,0,0,11,11,0,0,0,0
"33",11,11,0,0,0,0,0,0,0,0,0,0,0,0,0,0,0,0,0,0,0,10,10,0,9,9,0,9,9,0,11,11,0,0,0,0,11,11,0,22,18,4,13,13,0
"34",30,27,3,23,21,2,16,14,2,6,5,1,4,4,0,3,3,0,0,0,0,29,26,3,25,23,2,25,23,2,26,24,2,0,0,0,26,24,2,30,30,0,19,17,2
"35",7,7,0,4,4,0,3,3,0,1,1,0,1,1,0,1,1,0,1,1,0,7,7,0,7,7,0,7,7,0,6,6,0,0,0,0,7,7,0,10,8,2,9,9,0
"36",17,17,0,19,19,0,16,16,0,2,2,0,12,12,0,19,18,1,0,0,0,13,13,0,13,13,0,13,13,0,16,16,0,0,0,0,13,13,0,1,1,0,17,16,1
"37",17,16,1,5,5,0,2,2,0,2,1,1,4,4,0,3,3,0,0,0,0,16,15,1,15,14,1,15,14,1,14,13,1,0,0,0,15,14,1,21,15,6,18,17,1
"38",7,7,0,3,3,0,6,5,1,3,2,1,0,0,0,0,0,0,4,4,0,3,3,0,3,3,0,3,3,0,9,9,0,0,0,0,3,3,0,13,13,0,13,13,0
"39",15,13,2,9,9,0,10,10,0,0,0,0,4,4,0,3,3,0,1,1,0,14,13,1,12,11,1,12,11,1,15,13,2,0,0,0,15,14,1,22,19,3,16,15,1
"40",0,0,0,0,0,0,0,0,0,0,0,0,10,9,1,11,10,1,2,2,0,0,0,0,0,0,0,0,0,0,0,0,0,0,0,0,0,0,0,12,11,1,5,5,0
"41",18,17,1,15,14,1,18,17,1,2,2,0,0,0,0,0,0,0,0,0,0,18,17,1,15,15,0,15,15,0,18,17,1,0,0,0,15,15,0,15,14,1,16,15,1
"42",11,11,0,3,3,0,2,2,0,0,0,0,10,10,0,22,22,0,11,11,0,11,11,0,11,11,0,11,11,0,7,7,0,0,0,0,11,11,0,27,26,1,12,12,0
"43",4,4,0,5,5,0,4,4,0,1,1,0,0,0,0,0,0,0,1,1,0,4,4,0,4,4,0,4,4,0,4,4,0,0,0,0,4,4,0,10,10,0,3,3,0
"44",3,3,0,0,0,0,0,0,0,0,0,0,0,0,0,0,0,0,0,0,0,3,3,0,3,3,0,3,3,0,2,2,0,0,0,0,3,3,0,18,14,4,14,12,2
"45",7,7,0,5,5,0,4,4,0,0,0,0,13,13,0,17,17,0,6,6,0,7,7,0,6,6,0,6,6,0,7,7,0,0,0,0,7,6,1,11,11,0,8,8,0
"46",0,0,0,4,4,0,3,3,0,2,2,0,0,0,0,0,0,0,0,0,0,0,0,0,0,0,0,0,0,0,0,0,0,0,0,0,0,0,0,8,7,1,6,6,0
"47",18,16,2,10,10,0,6,6,0,1,1,0,1,1,0,0,0,0,0,0,0,18,16,2,18,16,2,18,16,2,15,13,2,0,0,0,18,16,2,22,19,3,12,11,1
"48",9,8,1,7,6,1,4,4,0,1,1,0,0,0,0,0,0,0,0,0,0,11,10,1,10,9,1,10,9,1,10,9,1,0,0,0,10,9,1,11,10,1,7,6,1
"49",7,7,0,6,6,0,5,5,0,2,2,0,5,5,0,0,0,0,0,0,0,7,7,0,7,7,0,7,7,0,17,17,0,0,0,0,7,7,0,17,16,1,10,10,0
"50",16,15,1,9,9,0,11,10,1,1,1,0,0,0,0,0,0,0,0,0,0,15,14,1,14,13,1,14,13,1,12,11,1,0,0,0,14,13,1,25,22,3,25,23,2
"51",36,36,0,15,15,0,14,13,1,10,9,1,6,6,0,2,2,0,0,0,0,37,37,0,35,35,0,33,33,0,33,33,0,0,0,0,39,33,6,32,32,0,42,40,2
"52",2,2,0,2,2,0,0,0,0,0,0,0,1,1,0,0,0,0,0,0,0,2,2,0,2,2,0,2,2,0,2,2,0,0,0,0,2,2,0,14,13,1,3,3,0
"53",29,28,1,22,21,1,17,17,0,0,0,0,9,9,0,8,8,0,0,0,0,29,28,1,25,25,0,25,25,0,27,26,1,0,0,0,25,25,0,32,28,4,24,23,1
"54",11,11,0,6,6,0,4,4,0,2,2,0,1,1,0,1,1,0,0,0,0,11,11,0,11,11,0,11,11,0,11,11,0,0,0,0,11,11,0,26,20,6,17,17,0
"55",3,3,0,8,8,0,8,8,0,6,6,0,0,0,0,0,0,0,0,0,0,3,3,0,1,1,0,1,1,0,3,3,0,0,0,0,1,1,0,23,19,4,4,4,0
"56",0,0,0,0,0,0,0,0,0,0,0,0,0,0,0,0,0,0,0,0,0,0,0,0,0,0,0,0,0,0,4,4,0,0,0,0,0,0,0,4,4,0,6,6,0
"57",19,19,0,7,7,0,3,3,0,2,2,0,10,10,0,4,4,0,0,0,0,20,20,0,9,9,0,9,9,0,20,20,0,0,0,0,9,9,0,24,22,2,22,22,0
"58",0,0,0,0,0,0,0,0,0,0,0,0,1,1,0,3,3,0,3,3,0,0,0,0,0,0,0,0,0,0,0,0,0,0,0,0,0,0,0,6,5,1,1,1,0
"59",14,13,1,6,5,1,0,0,0,0,0,0,0,0,0,0,0,0,0,0,0,12,11,1,10,9,1,9,8,1,10,9,1,0,0,0,10,9,1,22,20,2,15,15,0
"60",17,17,0,0,0,0,0,0,0,0,0,0,3,3,0,2,2,0,0,0,0,15,15,0,15,15,0,15,15,0,11,11,0,0,0,0,15,15,0,14,14,0,20,19,1
"61",18,17,1,12,12,0,3,3,0,2,2,0,0,0,0,0,0,0,0,0,0,15,14,1,11,11,0,11,11,0,13,12,1,0,0,0,12,11,1,23,22,1,14,13,1
"62",29,27,2,11,11,0,9,9,0,6,6,0,4,4,0,3,3,0,1,1,0,27,25,2,26,24,2,26,24,2,23,21,2,0,0,0,26,24,2,13,13,0,30,28,2
"63",1,1,0,0,0,0,0,0,0,0,0,0,0,0,0,0,0,0,1,1,0,1,1,0,1,1,0,1,1,0,1,1,0,0,0,0,1,1,0,3,3,0,2,2,0
"64",0,0,0,0,0,0,1,1,0,0,0,0,0,0,0,0,0,0,0,0,0,0,0,0,0,0,0,0,0,0,0,0,0,0,0,0,0,0,0,22,16,6,0,0,0
"65",1,1,0,2,2,0,2,2,0,0,0,0,0,0,0,0,0,0,0,0,0,1,1,0,1,1,0,1,1,0,4,3,1,0,0,0,1,1,0,4,4,0,1,1,0
"66",39,38,1,36,32,4,29,26,3,8,7,1,50,47,3,54,50,4,23,22,1,38,37,1,38,37,1,38,37,1,38,35,3,0,0,0,38,37,1,53,50,3,54,50,4
"67",30,29,1,19,18,1,16,15,1,4,4,0,2,2,0,0,0,0,0,0,0,31,30,1,30,29,1,30,29,1,29,28,1,0,0,0,30,29,1,34,30,4,33,31,2
"68",4,3,1,5,5,0,5,5,0,3,3,0,1,1,0,0,0,0,0,0,0,4,3,1,3,2,1,3,2,1,4,3,1,0,0,0,3,2,1,10,10,0,15,15,0
"69",24,23,1,20,19,1,17,16,1,2,2,0,4,4,0,3,3,0,0,0,0,25,24,1,17,17,0,17,17,0,24,23,1,0,0,0,17,17,0,28,26,2,29,28,1
"70",12,12,0,7,7,0,0,0,0,0,0,0,0,0,0,0,0,0,0,0,0,7,7,0,5,5,0,5,5,0,10,10,0,0,0,0,5,5,0,19,16,3,10,10,0
"71",12,12,0,6,6,0,4,4,0,0,0,0,1,1,0,0,0,0,0,0,0,7,7,0,8,8,0,8,8,0,6,6,0,0,0,0,8,8,0,14,14,0,10,10,0
"72",14,14,0,16,14,2,17,14,3,0,0,0,0,0,0,0,0,0,0,0,0,13,13,0,10,10,0,10,10,0,14,14,0,0,0,0,10,10,0,14,14,0,15,14,1
"73",16,16,0,11,11,0,9,8,1,1,1,0,10,10,0,16,14,2,6,5,1,15,15,0,14,14,0,14,14,0,16,16,0,0,0,0,14,14,0,35,31,4,20,20,0
"74",33,32,1,7,7,0,0,0,0,0,0,0,37,34,3,43,41,2,13,13,0,35,33,2,31,30,1,31,30,1,32,31,1,0,0,0,32,30,2,47,44,3,51,44,7
"75",34,33,1,33,31,2,30,28,2,19,17,2,29,27,2,36,34,2,14,13,1,36,34,2,34,33,1,34,33,1,32,30,2,0,0,0,34,33,1,27,26,1,38,35,3
"76",0,0,0,0,0,0,0,0,0,0,0,0,0,0,0,0,0,0,0,0,0,0,0,0,0,0,0,0,0,0,0,0,0,0,0,0,0,0,0,11,10,1,10,10,0
"77",44,40,4,34,31,3,21,19,2,4,4,0,4,4,0,3,3,0,2,2,0,44,40,4,45,41,4,45,41,4,45,41,4,0,0,0,45,41,4,39,37,2,41,39,2
"78",0,0,0,0,0,0,0,0,0,1,1,0,0,0,0,0,0,0,0,0,0,0,0,0,0,0,0,0,0,0,2,2,0,0,0,0,0,0,0,13,7,6,0,0,0
"79",10,10,0,8,8,0,7,7,0,2,2,0,0,0,0,0,0,0,0,0,0,12,12,0,3,3,0,3,3,0,9,9,0,0,0,0,3,3,0,25,19,6,7,7,0
"80",8,8,0,2,2,0,3,3,0,0,0,0,0,0,0,0,0,0,0,0,0,8,8,0,5,5,0,5,5,0,6,6,0,0,0,0,5,5,0,10,8,2,8,8,0
"81",13,13,0,10,10,0,7,7,0,0,0,0,0,0,0,0,0,0,0,0,0,13,13,0,6,6,0,6,6,0,11,11,0,0,0,0,6,6,0,23,17,6,10,10,0
"82",0,0,0,2,2,0,3,3,0,0,0,0,0,0,0,0,0,0,0,0,0,0,0,0,0,0,0,0,0,0,0,0,0,0,0,0,0,0,0,12,10,2,2,2,0
"83",27,26,1,21,18,3,19,17,2,3,3,0,30,27,3,35,31,4,23,20,3,24,23,1,24,23,1,24,23,1,25,25,0,0,0,0,24,23,1,36,32,4,31,29,2
"84",8,8,0,8,8,0,7,7,0,7,7,0,1,1,0,1,1,0,2,2,0,7,7,0,6,6,0,6,6,0,11,11,0,0,0,0,6,6,0,17,13,4,14,14,0
"85",33,32,1,18,18,0,14,14,0,5,5,0,35,32,3,32,29,3,12,11,1,33,32,1,30,29,1,30,29,1,29,28,1,0,0,0,30,29,1,28,27,1,28,27,1
"86",25,24,1,14,13,1,12,11,1,1,1,0,31,28,3,30,27,3,14,12,2,24,23,1,19,18,1,19,18,1,17,16,1,0,0,0,19,18,1,29,26,3,34,32,2
"87",18,16,2,11,10,1,9,8,1,0,0,0,10,10,0,4,4,0,0,0,0,9,9,0,9,9,0,9,9,0,20,17,3,0,0,0,9,9,0,14,14,0,15,12,3
"88",9,9,0,0,0,0,0,0,0,0,0,0,5,4,1,5,4,1,3,2,1,10,10,0,8,8,0,8,8,0,7,7,0,0,0,0,9,9,0,17,16,1,6,6,0
"89",21,20,1,9,8,1,2,1,1,0,0,0,21,20,1,22,20,2,15,14,1,20,19,1,16,16,0,16,16,0,22,21,1,0,0,0,16,16,0,30,27,3,19,18,1
"90",25,25,0,8,8,0,0,0,0,0,0,0,29,27,2,27,25,2,12,11,1,27,27,0,21,21,0,21,21,0,26,26,0,0,0,0,21,21,0,28,27,1,32,30,2
"91",21,20,1,19,19,0,12,12,0,2,2,0,20,20,0,28,28,0,6,6,0,20,19,1,14,14,0,14,14,0,19,19,0,0,0,0,14,14,0,30,30,0,21,21,0
"92",10,10,0,7,7,0,7,7,0,0,0,0,2,1,1,2,1,1,0,0,0,10,10,0,8,8,0,8,8,0,11,11,0,0,0,0,8,8,0,13,13,0,21,20,1
"93",31,31,0,7,7,0,6,6,0,5,5,0,4,4,0,3,3,0,1,1,0,29,29,0,26,26,0,26,26,0,25,25,0,0,0,0,26,26,0,24,19,5,26,26,0
"94",9,8,1,2,2,0,2,2,0,0,0,0,1,1,0,1,1,0,0,0,0,5,4,1,1,1,0,1,1,0,3,2,1,0,0,0,1,1,0,10,8,2,14,13,1
"95",1,1,0,1,1,0,1,1,0,0,0,0,0,0,0,0,0,0,0,0,0,1,1,0,1,1,0,1,1,0,1,1,0,0,0,0,1,1,0,11,9,2,7,7,0
"96",0,0,0,0,0,0,0,0,0,0,0,0,0,0,0,0,0,0,0,0,0,0,0,0,0,0,0,0,0,0,0,0,0,0,0,0,0,0,0,21,16,5,1,1,0
"97",8,8,0,10,10,0,8,8,0,4,4,0,1,1,0,1,1,0,0,0,0,8,8,0,6,6,0,6,6,0,6,6,0,0,0,0,6,6,0,4,4,0,15,14,1
"98",1,1,0,0,0,0,0,0,0,0,0,0,1,1,0,1,1,0,1,1,0,1,1,0,0,0,0,0,0,0,0,0,0,0,0,0,0,0,0,6,6,0,5,5,0
"99",19,19,0,8,7,1,3,2,1,2,1,1,18,18,0,20,17,3,0,0,0,17,17,0,18,18,0,18,18,0,19,19,0,0,0,0,18,18,0,32,28,4,24,23,1
"100",5,5,0,4,4,0,5,5,0,6,6,0,2,2,0,0,0,0,0,0,0,5,5,0,4,4,0,4,4,0,6,6,0,0,0,0,4,4,0,32,17,15,9,9,0
"101",5,5,0,0,0,0,0,0,0,1,1,0,0,0,0,0,0,0,0,0,0,5,5,0,3,3,0,3,3,0,3,3,0,0,0,0,3,3,0,11,9,2,12,11,1
"102",17,17,0,5,5,0,4,4,0,0,0,0,1,1,0,1,1,0,1,1,0,18,18,0,17,17,0,17,17,0,14,14,0,0,0,0,17,17,0,18,15,3,19,19,0
"103",8,8,0,3,3,0,3,3,0,1,1,0,0,0,0,0,0,0,0,0,0,8,8,0,6,6,0,6,6,0,8,8,0,0,0,0,6,6,0,10,10,0,8,8,0
"104",13,13,0,10,10,0,5,5,0,0,0,0,8,8,0,6,6,0,0,0,0,12,12,0,12,12,0,12,12,0,12,12,0,0,0,0,12,12,0,13,12,1,7,7,0
"105",4,2,2,1,0,1,1,0,1,0,0,0,1,1,0,1,1,0,1,1,0,5,3,2,5,3,2,5,3,2,5,3,2,0,0,0,5,3,2,3,3,0,4,3,1
"106",0,0,0,3,3,0,3,3,0,2,2,0,0,0,0,0,0,0,2,2,0,0,0,0,0,0,0,0,0,0,0,0,0,0,0,0,0,0,0,17,14,3,0,0,0
"107",39,38,1,32,31,1,14,14,0,3,3,0,37,35,2,34,32,2,8,8,0,39,38,1,35,35,0,35,35,0,37,37,0,0,0,0,35,35,0,39,38,1,38,36,2
"108",29,27,2,16,15,1,13,12,1,0,0,0,20,18,2,24,21,3,8,6,2,27,25,2,26,24,2,26,24,2,29,27,2,0,0,0,79,24,55,41,37,4,28,25,3
"109",19,19,0,9,9,0,6,6,0,4,4,0,23,22,1,25,24,1,13,12,1,17,17,0,17,17,0,17,17,0,16,16,0,0,0,0,17,17,0,25,24,1,23,22,1
"110",1,1,0,7,5,2,5,3,2,2,1,1,0,0,0,0,0,0,0,0,0,1,1,0,1,1,0,1,1,0,15,12,3,0,0,0,1,1,0,12,8,4,6,6,0
"111",18,18,0,6,6,0,5,5,0,0,0,0,15,15,0,13,12,1,1,1,0,18,17,1,16,15,1,16,15,1,19,18,1,0,0,0,16,15,1,13,12,1,16,14,2
"112",10,9,1,6,5,1,7,6,1,2,2,0,0,0,0,2,2,0,2,2,0,12,11,1,6,6,0,6,6,0,9,8,1,0,0,0,10,10,0,26,18,8,12,12,0
"113",25,25,0,8,8,0,7,7,0,3,3,0,3,3,0,2,2,0,0,0,0,30,30,0,17,17,0,17,17,0,18,18,0,0,0,0,17,17,0,24,22,2,24,23,1
"114",14,14,0,10,10,0,8,8,0,0,0,0,16,16,0,14,14,0,7,7,0,12,12,0,9,9,0,9,9,0,10,10,0,0,0,0,9,9,0,25,24,1,19,19,0
"115",12,12,0,5,5,0,5,5,0,4,4,0,0,0,0,0,0,0,0,0,0,12,12,0,2,2,0,2,2,0,2,2,0,0,0,0,2,2,0,10,9,1,6,6,0
"116",0,0,0,0,0,0,0,0,0,2,2,0,7,7,0,10,10,0,7,7,0,0,0,0,0,0,0,0,0,0,0,0,0,0,0,0,0,0,0,11,10,1,2,2,0
"117",29,28,1,24,22,2,19,18,1,11,11,0,27,27,0,23,23,0,3,3,0,31,30,1,22,22,0,22,22,0,27,27,0,20,16,4,22,22,0,36,34,2,30,29,1
"118",7,7,0,1,1,0,2,2,0,4,4,0,0,0,0,0,0,0,0,0,0,0,0,0,0,0,0,0,0,0,6,6,0,0,0,0,0,0,0,7,6,1,3,3,0
"119",22,22,0,6,6,0,3,3,0,0,0,0,5,5,0,2,2,0,1,1,0,17,17,0,17,17,0,17,17,0,23,23,0,0,0,0,22,17,5,24,22,2,30,30,0
"120",2,2,0,7,6,1,8,7,1,7,6,1,0,0,0,0,0,0,0,0,0,2,2,0,2,2,0,2,2,0,4,4,0,0,0,0,2,2,0,15,11,4,6,6,0
"121",6,6,0,3,3,0,3,3,0,1,1,0,6,6,0,6,6,0,1,1,0,5,5,0,5,5,0,5,5,0,4,4,0,0,0,0,5,5,0,16,12,4,9,7,2
"122",4,3,1,3,2,1,3,2,1,1,1,0,0,0,0,0,0,0,0,0,0,4,3,1,4,3,1,4,3,1,7,6,1,0,0,0,4,3,1,22,21,1,16,16,0
"123",3,3,0,3,3,0,1,1,0,0,0,0,0,0,0,0,0,0,0,0,0,4,4,0,4,4,0,4,4,0,3,3,0,0,0,0,4,4,0,9,9,0,8,8,0
"124",21,21,0,9,9,0,5,5,0,1,1,0,16,16,0,11,11,0,9,8,1,20,20,0,14,14,0,14,14,0,24,24,0,0,0,0,14,14,0,39,37,2,27,27,0
"125",2,2,0,1,1,0,1,1,0,0,0,0,2,2,0,4,4,0,1,1,0,1,1,0,1,1,0,1,1,0,1,1,0,0,0,0,1,1,0,4,4,0,2,2,0
"126",41,38,3,35,33,2,30,28,2,15,14,1,2,2,0,1,1,0,1,1,0,39,38,1,36,35,1,36,35,1,35,34,1,0,0,0,36,35,1,36,32,4,36,33,3
"127",18,17,1,12,12,0,7,7,0,0,0,0,3,3,0,0,0,0,1,1,0,15,15,0,16,16,0,16,16,0,16,16,0,0,0,0,16,16,0,22,19,3,22,21,1
"128",12,12,0,3,3,0,3,3,0,1,1,0,1,1,0,1,1,0,1,1,0,11,11,0,11,11,0,11,11,0,8,8,0,0,0,0,11,11,0,6,6,0,13,13,0
"129",25,25,0,7,7,0,8,7,1,1,0,1,1,1,0,1,1,0,1,1,0,25,25,0,26,26,0,26,26,0,21,21,0,0,0,0,26,26,0,13,13,0,30,29,1
"130",10,10,0,3,3,0,3,3,0,0,0,0,0,0,0,0,0,0,0,0,0,8,8,0,6,6,0,6,6,0,8,8,0,0,0,0,6,6,0,1,1,0,13,13,0
"131",2,2,0,4,4,0,6,6,0,2,2,0,0,0,0,0,0,0,0,0,0,1,1,0,1,1,0,1,1,0,1,1,0,0,0,0,1,1,0,17,14,3,4,4,0
"132",14,14,0,6,6,0,1,1,0,0,0,0,1,1,0,1,1,0,0,0,0,14,14,0,13,13,0,13,13,0,13,13,0,0,0,0,13,13,0,11,10,1,11,11,0
"133",5,5,0,2,2,0,0,0,0,0,0,0,9,8,1,9,8,1,5,5,0,6,6,0,5,5,0,5,5,0,5,5,0,0,0,0,5,5,0,12,11,1,4,4,0
"134",23,23,0,30,29,1,24,23,1,1,1,0,16,15,1,31,26,5,14,11,3,24,24,0,16,16,0,16,16,0,18,18,0,0,0,0,16,16,0,25,22,3,31,30,1
"135",15,15,0,3,3,0,2,2,0,3,1,2,0,0,0,0,0,0,0,0,0,13,13,0,11,11,0,11,11,0,18,18,0,0,0,0,11,11,0,12,12,0,24,23,1
"136",10,9,1,9,8,1,5,5,0,1,1,0,10,9,1,10,9,1,5,5,0,13,12,1,7,6,1,7,6,1,10,10,0,0,0,0,9,8,1,30,29,1,16,15,1
"137",6,6,0,2,2,0,2,2,0,0,0,0,6,6,0,6,6,0,3,3,0,6,6,0,6,6,0,6,6,0,6,6,0,0,0,0,6,6,0,8,7,1,5,5,0
"138",16,16,0,11,11,0,3,3,0,1,1,0,0,0,0,0,0,0,1,1,0,16,16,0,16,16,0,16,16,0,16,16,0,0,0,0,16,16,0,12,12,0,20,19,1
"139",1,1,0,0,0,0,0,0,0,1,1,0,0,0,0,0,0,0,0,0,0,1,1,0,0,0,0,0,0,0,0,0,0,0,0,0,0,0,0,5,3,2,1,1,0
"140",8,8,0,4,4,0,1,1,0,1,1,0,0,0,0,0,0,0,0,0,0,8,8,0,8,8,0,8,8,0,5,5,0,0,0,0,8,8,0,10,10,0,24,24,0
"141",6,6,0,6,6,0,9,9,0,1,1,0,5,5,0,5,5,0,2,2,0,6,6,0,4,4,0,4,4,0,6,6,0,0,0,0,4,4,0,8,8,0,4,4,0
"142",0,0,0,0,0,0,0,0,0,0,0,0,0,0,0,0,0,0,2,2,0,0,0,0,0,0,0,0,0,0,0,0,0,0,0,0,0,0,0,23,12,11,0,0,0
"143",16,16,0,7,7,0,5,5,0,1,1,0,5,5,0,4,4,0,0,0,0,16,16,0,14,14,0,14,14,0,15,15,0,0,0,0,14,14,0,16,16,0,19,19,0
"144",15,15,0,5,5,0,2,2,0,1,1,0,0,0,0,0,0,0,0,0,0,18,17,1,13,13,0,13,13,0,15,15,0,0,0,0,13,13,0,15,14,1,16,16,0
"145",11,10,1,3,2,1,2,2,0,3,3,0,0,0,0,0,0,0,2,2,0,12,11,1,12,11,1,12,11,1,12,11,1,0,0,0,12,11,1,15,14,1,17,15,2
"146",2,2,0,0,0,0,0,0,0,0,0,0,0,0,0,0,0,0,0,0,0,0,0,0,0,0,0,0,0,0,0,0,0,0,0,0,0,0,0,12,8,4,4,3,1
"147",22,22,0,3,3,0,1,1,0,0,0,0,16,16,0,22,22,0,15,14,1,24,24,0,13,13,0,13,13,0,12,12,0,0,0,0,13,13,0,15,15,0,29,29,0
"148",9,9,0,5,5,0,5,5,0,0,0,0,0,0,0,0,0,0,0,0,0,9,9,0,7,7,0,7,7,0,11,11,0,0,0,0,7,7,0,13,12,1,8,8,0
"149",22,22,0,13,13,0,14,14,0,4,4,0,3,3,0,3,3,0,1,1,0,22,22,0,20,20,0,20,20,0,17,17,0,0,0,0,20,20,0,28,25,3,23,23,0
"150",13,13,0,10,10,0,9,9,0,0,0,0,6,6,0,6,6,0,4,4,0,12,12,0,9,9,0,9,9,0,8,8,0,0,0,0,9,9,0,11,9,2,19,19,0
"151",14,13,1,6,6,0,5,5,0,0,0,0,5,5,0,4,4,0,2,2,0,14,12,2,14,12,2,14,12,2,12,11,1,0,0,0,14,12,2,11,11,0,13,11,2
"152",6,6,0,2,2,0,0,0,0,0,0,0,0,0,0,0,0,0,0,0,0,7,7,0,8,8,0,8,8,0,7,7,0,0,0,0,8,8,0,9,8,1,10,10,0
"153",8,7,1,3,3,0,2,2,0,0,0,0,9,8,1,9,8,1,4,4,0,9,8,1,8,7,1,8,7,1,8,7,1,0,0,0,8,7,1,19,18,1,7,7,0
"154",8,8,0,14,14,0,13,13,0,6,5,1,12,12,0,11,11,0,3,3,0,8,8,0,7,7,0,7,7,0,7,7,0,0,0,0,7,7,0,24,20,4,13,13,0
"155",13,12,1,8,7,1,7,6,1,3,3,0,0,0,0,0,0,0,0,0,0,11,10,1,10,10,0,10,10,0,19,16,3,0,0,0,10,10,0,17,13,4,19,16,3
"156",14,14,0,5,5,0,6,6,0,3,3,0,0,0,0,0,0,0,0,0,0,15,15,0,11,11,0,11,11,0,10,10,0,0,0,0,14,14,0,18,15,3,21,21,0
"157",8,8,0,0,0,0,1,1,0,0,0,0,2,2,0,1,1,0,0,0,0,7,7,0,1,1,0,1,1,0,6,6,0,0,0,0,1,1,0,7,7,0,6,6,0
"158",6,6,0,0,0,0,0,0,0,0,0,0,12,11,1,17,13,4,2,1,1,3,3,0,3,3,0,3,3,0,5,5,0,0,0,0,3,3,0,20,16,4,18,17,1
"159",24,24,0,16,16,0,14,14,0,0,0,0,22,22,0,25,24,1,17,16,1,26,26,0,21,21,0,21,21,0,21,21,0,0,0,0,21,21,0,29,28,1,24,24,0
"160",33,33,0,29,29,0,24,24,0,13,13,0,6,6,0,3,3,0,0,0,0,32,32,0,26,26,0,26,26,0,27,27,0,0,0,0,26,26,0,23,22,1,38,37,1
"161",27,27,0,18,18,0,19,19,0,10,9,1,1,1,0,0,0,0,0,0,0,26,26,0,24,24,0,24,24,0,27,27,0,0,0,0,24,24,0,24,24,0,39,39,0
"162",23,23,0,12,11,1,10,10,0,3,3,0,0,0,0,0,0,0,0,0,0,22,22,0,16,16,0,16,16,0,18,18,0,0,0,0,16,16,0,21,20,1,18,17,1
"163",8,8,0,5,5,0,0,0,0,1,1,0,2,2,0,1,1,0,0,0,0,8,8,0,3,3,0,3,3,0,9,8,1,0,0,0,3,3,0,12,11,1,4,4,0
"164",14,14,0,11,11,0,9,9,0,3,3,0,9,9,0,11,11,0,7,7,0,14,14,0,11,11,0,11,11,0,14,14,0,0,0,0,11,11,0,16,16,0,19,19,0
"165",6,6,0,1,1,0,2,2,0,0,0,0,0,0,0,0,0,0,0,0,0,6,6,0,1,1,0,1,1,0,6,6,0,0,0,0,1,1,0,6,6,0,5,5,0
"166",16,16,0,13,13,0,9,9,0,7,7,0,21,20,1,23,21,2,8,7,1,16,16,0,16,16,0,16,16,0,14,14,0,0,0,0,16,16,0,23,20,3,16,15,1
"167",1,1,0,0,0,0,1,1,0,1,1,0,0,0,0,0,0,0,0,0,0,0,0,0,0,0,0,0,0,0,0,0,0,0,0,0,0,0,0,22,21,1,20,20,0
"168",22,22,0,5,5,0,3,3,0,0,0,0,16,16,0,21,21,0,10,9,1,23,23,0,23,23,0,23,23,0,23,23,0,0,0,0,23,23,0,33,32,1,22,22,0
"169",2,2,0,0,0,0,0,0,0,0,0,0,1,1,0,1,1,0,1,1,0,0,0,0,0,0,0,0,0,0,0,0,0,0,0,0,0,0,0,18,17,1,0,0,0
"170",5,5,0,2,2,0,3,3,0,2,2,0,2,2,0,2,2,0,1,1,0,5,5,0,4,4,0,4,4,0,4,4,0,0,0,0,4,4,0,11,9,2,6,6,0
"171",13,13,0,3,3,0,3,3,0,0,0,0,0,0,0,0,0,0,0,0,0,13,13,0,11,11,0,11,11,0,11,11,0,0,0,0,11,11,0,14,14,0,15,15,0
"172",9,9,0,1,1,0,1,1,0,0,0,0,0,0,0,0,0,0,0,0,0,10,10,0,9,9,0,9,9,0,10,10,0,0,0,0,9,9,0,14,14,0,9,9,0
"173",0,0,0,0,0,0,0,0,0,0,0,0,3,3,0,2,2,0,2,2,0,0,0,0,0,0,0,0,0,0,0,0,0,0,0,0,0,0,0,6,6,0,5,5,0
"174",0,0,0,0,0,0,0,0,0,0,0,0,0,0,0,0,0,0,1,1,0,0,0,0,0,0,0,0,0,0,9,8,1,0,0,0,0,0,0,19,14,5,2,2,0
"175",17,15,2,15,13,2,9,8,1,0,0,0,3,3,0,2,2,0,0,0,0,16,14,2,17,14,3,17,14,3,6,6,0,0,0,0,17,14,3,20,15,5,27,22,5
"176",1,1,0,0,0,0,0,0,0,0,0,0,0,0,0,0,0,0,0,0,0,1,1,0,1,1,0,1,1,0,1,1,0,0,0,0,1,1,0,9,8,1,10,9,1
"177",0,0,0,0,0,0,0,0,0,0,0,0,0,0,0,1,1,0,1,1,0,0,0,0,0,0,0,0,0,0,4,4,0,0,0,0,0,0,0,15,12,3,6,6,0
"178",36,35,1,21,21,0,10,10,0,2,2,0,28,28,0,31,31,0,18,18,0,34,33,1,28,28,0,28,28,0,33,32,1,0,0,0,28,28,0,41,40,1,37,34,3
"179",1,1,0,1,1,0,1,1,0,0,0,0,0,0,0,0,0,0,0,0,0,1,1,0,1,1,0,1,1,0,2,2,0,0,0,0,1,1,0,5,5,0,1,1,0
"180",43,42,1,24,22,2,21,18,3,0,0,0,0,0,0,0,0,0,0,0,0,44,43,1,40,39,1,40,39,1,38,37,1,0,0,0,40,39,1,33,30,3,50,47,3
"181",7,7,0,2,2,0,2,2,0,0,0,0,6,6,0,5,5,0,3,2,1,7,7,0,4,4,0,4,4,0,6,6,0,0,0,0,4,4,0,6,6,0,7,7,0
"182",34,32,2,17,17,0,5,5,0,0,0,0,22,22,0,23,22,1,5,5,0,27,25,2,22,21,1,22,21,1,31,30,1,0,0,0,63,21,42,30,30,0,26,26,0
"183",13,12,1,3,2,1,4,2,2,0,0,0,1,1,0,0,0,0,0,0,0,12,11,1,11,10,1,11,10,1,16,15,1,0,0,0,11,10,1,24,16,8,15,12,3
"184",28,25,3,16,15,1,12,11,1,1,1,0,1,1,0,1,1,0,0,0,0,28,25,3,25,23,2,25,23,2,22,20,2,0,0,0,27,25,2,18,16,2,29,24,5
"185",10,10,0,10,10,0,10,9,1,0,0,0,6,6,0,6,6,0,0,0,0,11,11,0,11,11,0,9,9,0,11,11,0,0,0,0,10,10,0,21,12,9,14,13,1
"186",33,33,0,32,32,0,29,29,0,2,2,0,2,2,0,3,3,0,2,2,0,33,33,0,27,27,0,27,27,0,28,28,0,0,0,0,57,29,28,32,32,0,32,32,0
"187",21,20,1,14,13,1,7,7,0,0,0,0,20,18,2,24,21,3,7,6,1,23,22,1,21,20,1,21,20,1,19,19,0,0,0,0,22,21,1,24,21,3,18,16,2
"188",0,0,0,0,0,0,0,0,0,0,0,0,0,0,0,0,0,0,0,0,0,0,0,0,0,0,0,0,0,0,0,0,0,0,0,0,0,0,0,14,11,3,0,0,0
"189",21,21,0,8,7,1,12,11,1,10,9,1,6,6,0,5,5,0,4,4,0,21,21,0,19,19,0,19,19,0,15,15,0,0,0,0,19,19,0,18,18,0,25,22,3
"190",19,19,0,11,11,0,5,5,0,0,0,0,0,0,0,0,0,0,0,0,0,17,17,0,15,15,0,15,15,0,13,13,0,0,0,0,15,15,0,12,12,0,17,16,1
"191",4,4,0,2,2,0,2,2,0,0,0,0,1,1,0,1,1,0,2,2,0,2,2,0,2,2,0,2,2,0,1,1,0,0,0,0,2,2,0,11,10,1,1,1,0
"192",15,14,1,2,2,0,1,1,0,0,0,0,3,2,1,3,2,1,1,0,1,14,13,1,13,12,1,13,12,1,14,13,1,0,0,0,13,12,1,25,23,2,19,18,1
"193",11,11,0,9,9,0,6,6,0,1,1,0,1,1,0,0,0,0,0,0,0,11,11,0,10,10,0,10,10,0,7,7,0,0,0,0,10,10,0,14,12,2,7,7,0
"194",11,11,0,10,10,0,10,10,0,4,3,1,3,2,1,3,2,1,2,1,1,11,11,0,11,11,0,11,11,0,11,11,0,0,0,0,11,11,0,10,10,0,14,13,1
"195",17,16,1,1,1,0,2,2,0,1,1,0,16,15,1,16,14,2,1,1,0,18,17,1,15,14,1,15,14,1,16,15,1,0,0,0,15,14,1,14,13,1,17,16,1
"196",11,11,0,4,4,0,3,3,0,0,0,0,0,0,0,0,0,0,0,0,0,11,11,0,9,9,0,9,9,0,8,8,0,0,0,0,9,9,0,26,17,9,19,19,0
"197",16,16,0,12,12,0,8,8,0,0,0,0,20,20,0,21,21,0,4,4,0,16,16,0,15,15,0,15,15,0,15,15,0,0,0,0,15,15,0,23,23,0,13,13,0
"198",24,24,0,17,15,2,11,10,1,3,2,1,6,6,0,0,0,0,1,1,0,23,23,0,23,23,0,23,23,0,24,23,1,0,0,0,23,23,0,30,25,5,22,22,0
"199",22,20,2,3,3,0,0,0,0,0,0,0,0,0,0,0,0,0,0,0,0,22,20,2,20,18,2,20,18,2,19,17,2,0,0,0,20,18,2,19,16,3,28,25,3
"200",21,21,0,12,12,0,7,7,0,1,1,0,0,0,0,0,0,0,0,0,0,17,17,0,17,17,0,17,17,0,16,16,0,0,0,0,17,17,0,18,17,1,17,17,0
"201",16,16,0,11,9,2,13,11,2,0,0,0,0,0,0,0,0,0,0,0,0,15,15,0,13,13,0,13,13,0,14,12,2,0,0,0,13,13,0,14,14,0,23,20,3
"202",9,9,0,0,0,0,0,0,0,0,0,0,1,1,0,0,0,0,0,0,0,8,8,0,5,5,0,5,5,0,7,7,0,0,0,0,5,5,0,13,11,2,8,6,2
"203",22,21,1,10,10,0,5,5,0,0,0,0,11,11,0,13,13,0,2,2,0,21,20,1,18,18,0,18,18,0,23,22,1,0,0,0,19,19,0,29,28,1,27,27,0
"204",12,11,1,0,0,0,0,0,0,0,0,0,0,0,0,0,0,0,0,0,0,9,9,0,5,5,0,5,5,0,7,6,1,0,0,0,5,5,0,9,7,2,7,7,0
"205",3,3,0,2,2,0,2,2,0,0,0,0,1,1,0,1,1,0,1,1,0,3,3,0,3,3,0,3,3,0,3,3,0,0,0,0,63,4,59,17,14,3,3,3,0
"206",33,31,2,21,20,1,13,12,1,4,4,0,43,41,2,44,40,4,24,22,2,34,33,1,35,34,1,35,34,1,32,32,0,0,0,0,35,34,1,46,43,3,41,38,3
"207",21,21,0,14,13,1,8,8,0,0,0,0,20,19,1,22,20,2,6,5,1,20,20,0,18,18,0,18,18,0,20,20,0,0,0,0,20,20,0,30,27,3,34,33,1
"208",27,27,0,15,15,0,9,9,0,3,3,0,0,0,0,1,1,0,2,2,0,25,25,0,25,25,0,25,25,0,29,29,0,0,0,0,25,25,0,14,14,0,29,29,0
"209",10,9,1,1,1,0,1,1,0,0,0,0,5,4,1,5,4,1,6,5,1,10,9,1,8,8,0,8,8,0,10,9,1,0,0,0,9,9,0,11,10,1,5,4,1
"210",23,22,1,22,20,2,14,13,1,0,0,0,0,0,0,0,0,0,0,0,0,25,24,1,14,14,0,14,14,0,28,26,2,20,16,4,14,14,0,26,21,5,25,23,2
"211",8,7,1,1,1,0,0,0,0,0,0,0,0,0,0,0,0,0,0,0,0,8,7,1,8,7,1,8,7,1,8,7,1,0,0,0,8,7,1,14,11,3,5,4,1
"212",11,11,0,1,1,0,0,0,0,0,0,0,0,0,0,0,0,0,0,0,0,5,5,0,5,5,0,5,5,0,9,9,0,0,0,0,5,5,0,8,8,0,4,4,0
"213",17,16,1,15,15,0,11,11,0,9,9,0,0,0,0,0,0,0,0,0,0,17,16,1,14,14,0,14,14,0,17,16,1,0,0,0,14,14,0,10,10,0,15,14,1
"214",0,0,0,0,0,0,1,1,0,1,1,0,0,0,0,0,0,0,0,0,0,0,0,0,0,0,0,0,0,0,0,0,0,0,0,0,0,0,0,28,22,6,7,7,0
"215",8,8,0,2,2,0,1,1,0,0,0,0,1,1,0,1,1,0,5,5,0,7,7,0,7,7,0,7,7,0,5,5,0,0,0,0,7,7,0,15,15,0,6,6,0
"216",38,37,1,28,28,0,26,25,1,0,0,0,44,43,1,42,41,1,22,21,1,38,37,1,33,32,1,33,32,1,37,36,1,0,0,0,33,32,1,46,44,2,27,26,1
"217",8,7,1,5,5,0,3,3,0,0,0,0,0,0,0,0,0,0,0,0,0,5,4,1,5,4,1,5,4,1,5,4,1,0,0,0,5,4,1,12,11,1,5,4,1
"218",7,7,0,1,1,0,0,0,0,0,0,0,8,7,1,6,5,1,1,1,0,6,6,0,6,6,0,6,6,0,12,10,2,0,0,0,6,6,0,12,11,1,4,4,0
"219",0,0,0,0,0,0,0,0,0,0,0,0,2,1,1,2,1,1,2,1,1,0,0,0,0,0,0,0,0,0,0,0,0,0,0,0,0,0,0,2,2,0,0,0,0
"220",17,17,0,13,13,0,9,9,0,2,2,0,1,1,0,1,1,0,0,0,0,18,18,0,15,15,0,15,15,0,17,17,0,0,0,0,15,15,0,17,17,0,22,22,0
"221",19,19,0,5,5,0,2,2,0,2,2,0,13,13,0,1,1,0,0,0,0,19,19,0,19,19,0,19,19,0,19,19,0,0,0,0,19,19,0,22,21,1,23,22,1
"222",28,26,2,6,6,0,4,4,0,1,1,0,28,26,2,31,28,3,25,22,3,26,24,2,19,19,0,19,19,0,23,22,1,0,0,0,19,19,0,27,25,2,27,25,2
"223",14,14,0,3,3,0,2,2,0,0,0,0,14,14,0,15,15,0,13,12,1,11,11,0,11,11,0,11,11,0,10,10,0,0,0,0,11,11,0,24,23,1,13,13,0
"224",0,0,0,0,0,0,0,0,0,0,0,0,0,0,0,1,1,0,2,2,0,0,0,0,0,0,0,0,0,0,0,0,0,0,0,0,0,0,0,8,7,1,2,2,0
"225",25,23,2,12,12,0,4,4,0,2,2,0,27,24,3,36,31,5,9,7,2,26,24,2,24,22,2,23,21,2,26,24,2,0,0,0,26,24,2,37,32,5,39,34,5
"226",0,0,0,0,0,0,0,0,0,0,0,0,0,0,0,0,0,0,0,0,0,0,0,0,0,0,0,0,0,0,0,0,0,0,0,0,0,0,0,6,5,1,2,2,0
"227",7,7,0,5,5,0,6,6,0,3,3,0,18,18,0,14,14,0,5,5,0,11,11,0,9,9,0,9,9,0,6,6,0,0,0,0,11,11,0,25,24,1,21,21,0
"228",13,13,0,13,13,0,7,7,0,1,1,0,12,12,0,16,15,1,4,4,0,12,12,0,12,12,0,12,12,0,12,12,0,0,0,0,12,12,0,18,17,1,14,14,0
"229",26,25,1,11,11,0,8,8,0,3,3,0,17,17,0,22,21,1,1,1,0,23,22,1,22,21,1,21,20,1,27,26,1,0,0,0,21,20,1,31,28,3,30,30,0
"230",36,36,0,30,29,1,27,26,1,9,9,0,45,43,2,44,41,3,19,18,1,36,36,0,35,35,0,35,35,0,35,35,0,0,0,0,35,35,0,55,52,3,47,45,2
"231",29,27,2,24,24,0,18,18,0,2,2,0,18,17,1,16,15,1,0,0,0,23,22,1,15,14,1,15,14,1,24,23,1,0,0,0,15,14,1,22,20,2,32,30,2
"232",22,21,1,13,13,0,7,7,0,0,0,0,21,20,1,22,20,2,0,0,0,20,19,1,18,17,1,18,17,1,18,17,1,0,0,0,18,17,1,22,21,1,18,18,0
"233",23,22,1,11,11,0,9,9,0,0,0,0,9,6,3,9,6,3,8,4,4,22,21,1,20,19,1,20,19,1,22,21,1,0,0,0,21,20,1,43,35,8,19,17,2
"234",11,10,1,4,3,1,1,1,0,1,1,0,2,2,0,2,2,0,1,1,0,9,8,1,8,8,0,8,8,0,8,7,1,0,0,0,8,8,0,15,14,1,9,8,1
"235",4,4,0,2,2,0,0,0,0,0,0,0,0,0,0,0,0,0,0,0,0,4,4,0,0,0,0,0,0,0,16,15,1,0,0,0,0,0,0,5,5,0,4,4,0
"236",12,12,0,5,5,0,4,4,0,1,1,0,3,3,0,0,0,0,0,0,0,12,12,0,11,11,0,11,11,0,10,10,0,0,0,0,11,11,0,14,10,4,7,7,0
"237",4,4,0,2,2,0,3,3,0,1,1,0,0,0,0,0,0,0,0,0,0,4,4,0,4,4,0,4,4,0,4,4,0,0,0,0,4,4,0,15,11,4,4,4,0
"238",21,21,0,10,9,1,5,5,0,1,1,0,0,0,0,0,0,0,0,0,0,23,22,1,21,20,1,21,20,1,20,19,1,0,0,0,21,20,1,25,21,4,20,18,2
"239",36,36,0,21,20,1,9,9,0,1,1,0,44,42,2,38,36,2,17,16,1,36,36,0,34,34,0,34,34,0,33,33,0,0,0,0,34,34,0,44,42,2,38,37,1
"240",4,4,0,1,1,0,0,0,0,0,0,0,0,0,0,0,0,0,0,0,0,4,4,0,5,5,0,5,5,0,3,3,0,0,0,0,5,5,0,11,10,1,6,6,0
"241",11,11,0,5,5,0,0,0,0,0,0,0,0,0,0,0,0,0,0,0,0,11,11,0,11,11,0,11,11,0,12,12,0,0,0,0,11,11,0,16,13,3,14,14,0
"242",7,7,0,2,2,0,0,0,0,0,0,0,0,0,0,0,0,0,0,0,0,7,7,0,7,7,0,7,7,0,6,6,0,0,0,0,7,7,0,9,9,0,8,8,0
"243",4,4,0,0,0,0,0,0,0,0,0,0,1,1,0,0,0,0,0,0,0,4,4,0,2,2,0,2,2,0,3,3,0,0,0,0,3,3,0,13,10,3,2,2,0
"244",29,28,1,14,14,0,11,11,0,2,2,0,5,5,0,6,6,0,6,6,0,28,27,1,21,21,0,21,21,0,29,29,0,0,0,0,21,21,0,29,27,2,27,27,0
"245",20,19,1,16,15,1,9,8,1,5,4,1,21,20,1,21,20,1,10,10,0,19,18,1,15,14,1,15,14,1,19,18,1,0,0,0,16,15,1,22,21,1,25,24,1
"246",3,3,0,1,1,0,1,1,0,0,0,0,2,2,0,2,2,0,1,1,0,2,2,0,2,2,0,2,2,0,3,3,0,0,0,0,2,2,0,13,10,3,12,11,1
"247",8,8,0,1,1,0,1,1,0,1,1,0,2,2,0,2,2,0,2,2,0,8,8,0,8,8,0,8,8,0,7,7,0,0,0,0,8,8,0,10,10,0,15,15,0
"248",14,14,0,3,3,0,7,6,1,0,0,0,0,0,0,0,0,0,0,0,0,13,13,0,6,6,0,6,6,0,13,13,0,0,0,0,6,6,0,16,15,1,11,11,0
"249",18,17,1,9,8,1,8,7,1,7,6,1,2,2,0,0,0,0,1,1,0,19,18,1,17,17,0,17,17,0,16,16,0,0,0,0,17,17,0,7,7,0,11,11,0
"250",25,24,1,16,15,1,10,10,0,3,3,0,15,14,1,16,14,2,0,0,0,23,23,0,19,19,0,19,19,0,26,25,1,0,0,0,19,19,0,29,28,1,22,22,0
"251",5,5,0,4,4,0,2,2,0,0,0,0,0,0,0,0,0,0,0,0,0,6,6,0,2,2,0,2,2,0,4,4,0,0,0,0,2,2,0,14,12,2,12,11,1
"252",12,12,0,12,12,0,15,15,0,8,8,0,3,3,0,1,1,0,0,0,0,12,12,0,11,11,0,11,11,0,10,10,0,0,0,0,11,11,0,15,14,1,10,10,0
"253",3,3,0,0,0,0,0,0,0,0,0,0,0,0,0,0,0,0,1,1,0,3,3,0,3,3,0,3,3,0,3,3,0,0,0,0,3,3,0,7,7,0,4,4,0
"254",10,9,1,5,5,0,5,5,0,1,1,0,0,0,0,0,0,0,0,0,0,8,7,1,8,7,1,8,7,1,6,5,1,0,0,0,8,7,1,14,13,1,14,14,0
"255",0,0,0,5,5,0,6,6,0,0,0,0,0,0,0,0,0,0,0,0,0,0,0,0,0,0,0,0,0,0,0,0,0,0,0,0,0,0,0,32,21,11,0,0,0
"256",25,25,0,24,23,1,24,23,1,5,5,0,27,26,1,30,28,2,4,4,0,24,24,0,24,24,0,24,24,0,24,24,0,0,0,0,24,24,0,26,25,1,26,26,0
"257",31,30,1,11,11,0,10,10,0,8,8,0,24,24,0,24,24,0,5,5,0,31,30,1,27,26,1,26,25,1,30,29,1,0,0,0,28,27,1,34,34,0,27,27,0
"258",7,7,0,0,0,0,0,0,0,0,0,0,15,14,1,16,15,1,2,2,0,6,6,0,6,6,0,6,6,0,11,11,0,0,0,0,6,6,0,28,27,1,16,15,1
"259",28,26,2,19,17,2,4,4,0,0,0,0,0,0,0,0,0,0,3,3,0,20,19,1,17,16,1,17,16,1,22,21,1,0,0,0,19,18,1,24,24,0,25,25,0
"260",1,1,0,0,0,0,0,0,0,0,0,0,1,1,0,4,4,0,1,1,0,1,1,0,0,0,0,0,0,0,0,0,0,0,0,0,0,0,0,7,7,0,3,3,0
"261",29,28,1,11,11,0,7,7,0,0,0,0,29,27,2,25,22,3,8,7,1,25,24,1,24,23,1,24,23,1,21,20,1,0,0,0,29,23,6,32,29,3,22,21,1
"262",18,17,1,0,0,0,0,0,0,0,0,0,0,0,0,0,0,0,0,0,0,15,14,1,13,12,1,13,12,1,14,14,0,0,0,0,15,14,1,17,16,1,13,12,1
"263",16,15,1,17,17,0,13,13,0,8,8,0,20,19,1,20,20,0,10,10,0,15,14,1,13,12,1,13,12,1,17,16,1,0,0,0,35,12,23,25,22,3,19,18,1
"264",10,10,0,2,2,0,2,2,0,0,0,0,3,3,0,6,6,0,2,2,0,1,1,0,1,1,0,1,1,0,4,4,0,0,0,0,1,1,0,17,16,1,8,8,0
"265",8,8,0,3,3,0,3,3,0,0,0,0,0,0,0,0,0,0,0,0,0,5,5,0,5,5,0,5,5,0,5,5,0,0,0,0,5,5,0,27,24,3,9,9,0
"266",15,14,1,4,4,0,6,6,0,0,0,0,0,0,0,0,0,0,0,0,0,15,14,1,12,12,0,12,12,0,7,7,0,0,0,0,12,12,0,21,17,4,19,18,1
"267",4,4,0,1,1,0,3,3,0,3,3,0,1,1,0,1,1,0,2,2,0,4,4,0,4,4,0,4,4,0,2,2,0,0,0,0,4,4,0,15,14,1,15,15,0
"268",24,24,0,16,16,0,11,11,0,2,2,0,27,27,0,23,23,0,11,11,0,26,26,0,22,22,0,22,22,0,22,22,0,0,0,0,22,22,0,27,27,0,30,30,0
"269",0,0,0,0,0,0,0,0,0,0,0,0,0,0,0,0,0,0,0,0,0,0,0,0,0,0,0,0,0,0,0,0,0,0,0,0,7,0,7,9,9,0,5,4,1
"270",32,32,0,16,16,0,14,14,0,3,3,0,0,0,0,0,0,0,2,2,0,33,33,0,30,30,0,30,30,0,26,26,0,0,0,0,30,30,0,26,24,2,32,32,0
"271",26,26,0,13,13,0,10,10,0,2,2,0,1,1,0,0,0,0,0,0,0,25,25,0,22,22,0,22,22,0,22,22,0,0,0,0,40,22,18,24,24,0,28,28,0
"272",11,11,0,11,11,0,9,9,0,0,0,0,0,0,0,0,0,0,0,0,0,10,10,0,10,10,0,10,10,0,11,11,0,0,0,0,10,10,0,9,9,0,15,14,1
"273",8,8,0,1,1,0,1,1,0,0,0,0,4,4,0,2,2,0,2,2,0,5,5,0,5,5,0,5,5,0,0,0,0,0,0,0,5,5,0,9,9,0,14,14,0
"274",16,16,0,9,9,0,9,9,0,4,4,0,1,1,0,0,0,0,0,0,0,14,14,0,10,10,0,10,10,0,12,12,0,0,0,0,10,10,0,16,15,1,21,20,1
"275",24,24,0,2,2,0,0,0,0,0,0,0,8,8,0,3,3,0,1,1,0,20,20,0,18,18,0,18,18,0,22,22,0,20,17,3,18,18,0,28,24,4,25,25,0
"276",38,36,2,33,31,2,22,21,1,9,8,1,38,37,1,39,37,2,29,27,2,40,38,2,39,37,2,39,37,2,36,35,1,0,0,0,46,37,9,42,39,3,29,28,1
"277",9,9,0,5,5,0,5,5,0,4,4,0,0,0,0,0,0,0,0,0,0,8,8,0,8,8,0,8,8,0,8,8,0,0,0,0,8,8,0,8,8,0,11,11,0
"278",12,11,1,9,8,1,5,5,0,2,2,0,16,15,1,17,16,1,2,2,0,11,10,1,11,10,1,11,10,1,13,12,1,0,0,0,11,10,1,17,16,1,11,10,1
"279",12,12,0,4,4,0,3,3,0,1,1,0,0,0,0,0,0,0,0,0,0,13,13,0,11,11,0,11,11,0,11,11,0,0,0,0,11,11,0,10,10,0,9,9,0
"280",29,29,0,20,20,0,15,15,0,0,0,0,1,1,0,1,1,0,1,1,0,31,31,0,25,25,0,25,25,0,25,25,0,0,0,0,25,25,0,19,19,0,30,30,0
"281",2,2,0,1,1,0,1,1,0,0,0,0,0,0,0,0,0,0,0,0,0,2,2,0,2,2,0,2,2,0,2,2,0,0,0,0,2,2,0,8,6,2,1,1,0
"282",12,11,1,11,11,0,6,6,0,2,2,0,0,0,0,0,0,0,0,0,0,11,11,0,10,10,0,10,10,0,12,11,1,0,0,0,10,10,0,13,13,0,13,13,0
"283",35,34,1,14,14,0,5,5,0,3,3,0,2,2,0,0,0,0,0,0,0,31,30,1,26,26,0,26,26,0,35,34,1,0,0,0,27,26,1,31,30,1,33,32,1
"284",3,3,0,6,6,0,1,1,0,0,0,0,0,0,0,0,0,0,0,0,0,3,3,0,3,3,0,3,3,0,3,3,0,0,0,0,3,3,0,28,21,7,7,7,0
"285",3,3,0,3,3,0,3,3,0,0,0,0,1,1,0,1,1,0,2,2,0,3,3,0,3,3,0,3,3,0,3,3,0,0,0,0,3,3,0,13,10,3,1,1,0
"286",12,12,0,8,8,0,6,6,0,1,1,0,5,5,0,5,5,0,0,0,0,12,12,0,12,12,0,12,12,0,14,14,0,0,0,0,12,12,0,25,24,1,22,22,0
"287",31,31,0,14,14,0,5,5,0,1,1,0,28,28,0,22,22,0,12,12,0,30,30,0,21,21,0,21,21,0,30,30,0,0,0,0,25,21,4,26,26,0,28,28,0
"288",2,2,0,2,2,0,1,1,0,0,0,0,2,2,0,0,0,0,0,0,0,2,2,0,2,2,0,2,2,0,2,2,0,0,0,0,2,2,0,4,4,0,2,2,0
"289",6,6,0,4,4,0,7,7,0,0,0,0,2,2,0,1,1,0,1,1,0,6,6,0,2,2,0,2,2,0,4,4,0,0,0,0,2,2,0,22,11,11,8,8,0
"290",16,16,0,19,19,0,11,11,0,0,0,0,0,0,0,0,0,0,0,0,0,15,15,0,15,15,0,15,15,0,15,15,0,0,0,0,15,15,0,13,12,1,16,15,1
"291",9,9,0,4,4,0,6,6,0,0,0,0,1,1,0,0,0,0,0,0,0,9,9,0,9,9,0,9,9,0,11,10,1,0,0,0,9,9,0,11,10,1,13,13,0
"292",30,27,3,13,13,0,13,13,0,2,2,0,21,20,1,22,21,1,7,7,0,28,25,3,27,25,2,27,25,2,25,22,3,0,0,0,27,25,2,35,32,3,26,23,3
"293",5,5,0,0,0,0,0,0,0,0,0,0,0,0,0,0,0,0,0,0,0,0,0,0,0,0,0,0,0,0,10,9,1,0,0,0,0,0,0,12,11,1,8,8,0
"294",19,19,0,10,9,1,9,8,1,1,0,1,12,12,0,11,11,0,10,8,2,19,19,0,14,14,0,14,14,0,18,18,0,0,0,0,15,15,0,25,23,2,23,21,2
"295",23,22,1,9,8,1,5,4,1,0,0,0,8,7,1,12,11,1,2,2,0,23,22,1,19,18,1,19,18,1,23,21,2,0,0,0,19,18,1,27,26,1,14,12,2
"296",42,41,1,22,22,0,21,21,0,5,5,0,21,19,2,18,17,1,0,0,0,35,34,1,34,34,0,34,34,0,40,40,0,0,0,0,34,34,0,44,42,2,31,31,0
"297",4,4,0,5,5,0,6,6,0,0,0,0,1,1,0,0,0,0,0,0,0,5,5,0,5,5,0,5,5,0,5,5,0,0,0,0,6,5,1,6,6,0,5,5,0
"298",14,14,0,11,10,1,8,7,1,2,1,1,0,0,0,0,0,0,0,0,0,14,14,0,15,15,0,15,15,0,15,15,0,0,0,0,15,15,0,10,10,0,9,9,0
"299",25,24,1,6,5,1,6,5,1,0,0,0,0,0,0,0,0,0,0,0,0,22,21,1,10,10,0,10,10,0,21,20,1,0,0,0,17,17,0,10,10,0,27,27,0
"300",22,22,0,11,11,0,4,4,0,3,3,0,23,22,1,25,24,1,14,13,1,20,20,0,16,16,0,16,16,0,19,19,0,0,0,0,17,17,0,23,22,1,28,26,2
"301",26,25,1,19,18,1,17,16,1,5,5,0,29,27,2,28,26,2,19,18,1,27,26,1,25,24,1,25,24,1,26,25,1,0,0,0,27,24,3,30,28,2,20,20,0
"302",19,19,0,9,9,0,7,7,0,3,3,0,11,11,0,9,9,0,3,3,0,12,12,0,12,12,0,12,12,0,19,19,0,0,0,0,12,12,0,23,22,1,20,20,0
"303",9,9,0,2,2,0,1,1,0,1,1,0,6,5,1,5,4,1,0,0,0,9,9,0,9,9,0,9,9,0,9,9,0,0,0,0,9,9,0,10,9,1,15,14,1
"304",5,4,1,2,2,0,2,2,0,1,1,0,0,0,0,0,0,0,0,0,0,5,4,1,1,1,0,1,1,0,0,0,0,0,0,0,1,1,0,5,3,2,2,1,1
"305",19,18,1,1,1,0,1,1,0,1,1,0,0,0,0,0,0,0,0,0,0,19,18,1,17,16,1,17,16,1,20,19,1,0,0,0,17,16,1,16,15,1,18,17,1
"306",8,8,0,3,3,0,6,6,0,1,1,0,0,0,0,0,0,0,0,0,0,8,8,0,6,6,0,6,6,0,8,8,0,0,0,0,7,7,0,13,13,0,20,20,0
"307",5,5,0,5,5,0,7,7,0,0,0,0,0,0,0,0,0,0,0,0,0,3,3,0,3,3,0,3,3,0,2,2,0,0,0,0,3,3,0,21,16,5,5,5,0
"308",32,31,1,21,21,0,14,14,0,1,0,1,38,38,0,45,44,1,15,15,0,29,28,1,30,29,1,30,29,1,30,29,1,0,0,0,30,29,1,41,40,1,27,25,2
"309",0,0,0,0,0,0,0,0,0,0,0,0,0,0,0,0,0,0,0,0,0,0,0,0,0,0,0,0,0,0,0,0,0,0,0,0,0,0,0,11,8,3,0,0,0
"310",13,13,0,7,7,0,6,6,0,1,1,0,2,2,0,8,7,1,1,0,1,11,11,0,7,7,0,7,7,0,3,3,0,0,0,0,8,8,0,24,21,3,13,12,1
"311",15,15,0,13,13,0,12,12,0,6,6,0,1,1,0,1,1,0,1,1,0,15,15,0,15,15,0,14,14,0,13,13,0,0,0,0,14,14,0,18,16,2,23,23,0
"312",8,6,2,0,0,0,0,0,0,0,0,0,1,1,0,1,1,0,0,0,0,1,1,0,1,1,0,1,1,0,2,2,0,0,0,0,1,1,0,13,13,0,1,1,0
"313",4,4,0,5,5,0,6,6,0,0,0,0,2,2,0,1,1,0,1,1,0,4,4,0,4,4,0,4,4,0,10,10,0,0,0,0,4,4,0,13,12,1,5,5,0
"314",13,13,0,15,15,0,15,14,1,4,4,0,1,1,0,0,0,0,0,0,0,13,13,0,11,11,0,11,11,0,20,19,1,0,0,0,11,11,0,14,12,2,21,20,1
"315",8,8,0,2,2,0,2,2,0,0,0,0,4,4,0,1,1,0,0,0,0,8,8,0,8,8,0,8,8,0,8,8,0,0,0,0,8,8,0,17,17,0,13,13,0
"316",8,8,0,6,6,0,6,6,0,0,0,0,7,7,0,7,7,0,0,0,0,8,8,0,7,7,0,6,6,0,9,9,0,0,0,0,7,7,0,8,8,0,14,14,0
"317",19,18,1,7,6,1,4,4,0,0,0,0,10,9,1,3,2,1,0,0,0,19,18,1,16,16,0,16,16,0,19,18,1,0,0,0,16,16,0,22,20,2,21,21,0
"318",23,23,0,15,15,0,13,12,1,0,0,0,3,3,0,2,2,0,0,0,0,23,23,0,23,23,0,23,23,0,21,21,0,0,0,0,23,23,0,21,19,2,25,25,0
"319",24,24,0,12,12,0,3,3,0,2,2,0,13,13,0,16,16,0,10,10,0,19,19,0,19,19,0,19,19,0,25,25,0,0,0,0,19,19,0,26,25,1,22,22,0
"320",3,3,0,0,0,0,0,0,0,0,0,0,0,0,0,0,0,0,0,0,0,3,3,0,0,0,0,0,0,0,2,2,0,0,0,0,1,1,0,11,10,1,3,3,0
"321",7,7,0,2,2,0,0,0,0,0,0,0,3,3,0,1,1,0,0,0,0,4,4,0,4,4,0,4,4,0,2,2,0,0,0,0,4,4,0,15,11,4,9,9,0
"322",22,21,1,10,10,0,6,6,0,2,2,0,0,0,0,0,0,0,1,1,0,24,23,1,23,22,1,23,22,1,26,25,1,0,0,0,23,22,1,15,15,0,38,34,4
"323",2,2,0,4,4,0,3,3,0,1,1,0,2,2,0,0,0,0,0,0,0,1,1,0,1,1,0,1,1,0,2,2,0,0,0,0,1,1,0,13,8,5,2,2,0
"324",6,6,0,5,5,0,7,6,1,0,0,0,0,0,0,0,0,0,0,0,0,5,5,0,3,3,0,3,3,0,3,3,0,0,0,0,3,3,0,8,7,1,9,9,0
"325",36,35,1,28,27,1,24,23,1,10,9,1,28,27,1,31,29,2,17,17,0,36,35,1,32,31,1,32,31,1,31,30,1,0,0,0,32,31,1,41,39,2,40,39,1
"326",10,10,0,7,7,0,7,7,0,0,0,0,6,6,0,7,7,0,0,0,0,9,9,0,3,3,0,3,3,0,9,9,0,0,0,0,7,7,0,8,8,0,5,5,0
"327",8,8,0,9,8,1,9,7,2,3,3,0,0,0,0,0,0,0,1,1,0,8,8,0,6,6,0,6,6,0,6,6,0,0,0,0,6,6,0,16,15,1,9,9,0
"328",18,17,1,17,15,2,11,10,1,3,2,1,19,17,2,17,15,2,9,8,1,16,15,1,15,14,1,15,14,1,14,13,1,0,0,0,15,14,1,22,20,2,17,15,2
"329",14,14,0,5,5,0,2,2,0,0,0,0,0,0,0,0,0,0,0,0,0,13,13,0,9,9,0,9,9,0,11,11,0,0,0,0,9,9,0,17,15,2,12,12,0
"330",15,15,0,12,12,0,7,7,0,1,1,0,3,3,0,2,2,0,0,0,0,15,15,0,13,13,0,13,13,0,14,14,0,0,0,0,13,13,0,13,12,1,15,15,0
"331",12,12,0,5,5,0,0,0,0,0,0,0,14,14,0,19,19,0,4,4,0,7,7,0,6,6,0,6,6,0,6,6,0,0,0,0,7,6,1,18,18,0,14,14,0
"332",12,12,0,14,14,0,10,10,0,5,5,0,0,0,0,4,4,0,1,1,0,11,11,0,10,10,0,10,10,0,10,10,0,0,0,0,10,10,0,24,20,4,12,12,0
"333",17,17,0,8,8,0,7,7,0,1,1,0,6,6,0,6,6,0,5,5,0,11,11,0,9,9,0,9,9,0,13,13,0,0,0,0,10,10,0,23,19,4,26,24,2
"334",6,6,0,3,3,0,2,2,0,0,0,0,9,9,0,9,9,0,3,3,0,7,7,0,3,3,0,3,3,0,6,6,0,0,0,0,3,3,0,11,11,0,9,9,0
"335",18,18,0,7,7,0,1,1,0,0,0,0,2,2,0,2,2,0,0,0,0,19,19,0,17,17,0,17,17,0,16,16,0,0,0,0,17,17,0,23,17,6,13,13,0
"336",14,14,0,4,3,1,3,2,1,0,0,0,17,16,1,16,15,1,3,3,0,11,11,0,10,10,0,10,10,0,15,14,1,0,0,0,10,10,0,17,17,0,12,12,0
"337",3,3,0,2,2,0,1,1,0,0,0,0,0,0,0,0,0,0,1,1,0,2,2,0,2,2,0,2,2,0,5,5,0,0,0,0,2,2,0,18,17,1,8,8,0
"338",6,6,0,0,0,0,0,0,0,0,0,0,0,0,0,0,0,0,0,0,0,6,6,0,6,6,0,6,6,0,6,6,0,0,0,0,9,6,3,7,7,0,7,7,0
"339",0,0,0,3,3,0,0,0,0,0,0,0,0,0,0,0,0,0,0,0,0,0,0,0,0,0,0,0,0,0,0,0,0,0,0,0,0,0,0,5,5,0,4,4,0
"340",4,4,0,0,0,0,0,0,0,0,0,0,3,3,0,3,3,0,0,0,0,4,4,0,4,4,0,4,4,0,4,4,0,0,0,0,4,4,0,8,8,0,6,6,0
"341",14,14,0,7,7,0,7,7,0,0,0,0,0,0,0,0,0,0,1,1,0,7,7,0,7,7,0,7,7,0,13,13,0,0,0,0,7,7,0,18,16,2,17,17,0
"342",14,14,0,2,2,0,2,2,0,0,0,0,10,10,0,16,16,0,9,8,1,10,10,0,10,10,0,10,10,0,10,10,0,0,0,0,10,10,0,20,19,1,12,11,1
"343",2,2,0,2,2,0,3,3,0,1,1,0,0,0,0,0,0,0,0,0,0,2,2,0,2,2,0,2,2,0,2,2,0,0,0,0,2,2,0,8,8,0,0,0,0
"344",15,15,0,14,14,0,9,9,0,1,1,0,22,22,0,22,22,0,6,6,0,16,16,0,11,11,0,11,11,0,13,13,0,0,0,0,11,11,0,29,28,1,23,23,0
"345",21,21,0,7,7,0,5,5,0,0,0,0,18,18,0,22,21,1,13,11,2,20,20,0,18,18,0,18,18,0,19,19,0,0,0,0,18,18,0,26,25,1,8,8,0
"346",11,10,1,4,4,0,4,4,0,0,0,0,0,0,0,0,0,0,0,0,0,11,10,1,8,7,1,8,7,1,0,0,0,0,0,0,8,7,1,11,11,0,3,3,0
"347",7,7,0,2,2,0,0,0,0,0,0,0,0,0,0,0,0,0,0,0,0,8,8,0,4,4,0,4,4,0,8,8,0,0,0,0,4,4,0,12,11,1,8,8,0
"348",30,29,1,22,20,2,20,18,2,11,10,1,0,0,0,0,0,0,0,0,0,30,29,1,27,26,1,27,26,1,32,31,1,0,0,0,27,26,1,25,23,2,31,31,0
"349",18,18,0,16,16,0,14,13,1,5,4,1,3,3,0,0,0,0,0,0,0,18,18,0,17,17,0,17,17,0,16,16,0,0,0,0,18,18,0,18,18,0,22,22,0
"350",20,20,0,14,14,0,5,5,0,3,3,0,15,15,0,12,12,0,4,4,0,23,23,0,16,16,0,16,16,0,18,18,0,0,0,0,18,18,0,27,27,0,26,26,0
"351",11,10,1,7,7,0,6,6,0,0,0,0,6,6,0,8,6,2,0,0,0,11,10,1,10,9,1,10,9,1,10,9,1,0,0,0,11,9,2,10,10,0,16,16,0
"352",6,6,0,3,3,0,3,3,0,2,2,0,3,3,0,3,3,0,0,0,0,5,5,0,4,4,0,4,4,0,4,4,0,0,0,0,4,4,0,13,11,2,8,8,0
"353",31,29,2,27,25,2,23,21,2,8,8,0,0,0,0,0,0,0,0,0,0,29,27,2,24,23,1,24,23,1,30,27,3,0,0,0,25,24,1,33,26,7,36,32,4
"354",7,7,0,0,0,0,0,0,0,0,0,0,0,0,0,0,0,0,0,0,0,9,9,0,1,1,0,1,1,0,9,9,0,0,0,0,3,3,0,13,11,2,7,7,0
"355",19,19,0,9,9,0,5,5,0,0,0,0,0,0,0,0,0,0,0,0,0,19,19,0,18,18,0,18,18,0,18,18,0,0,0,0,18,18,0,10,10,0,18,18,0
"356",1,1,0,1,1,0,1,1,0,0,0,0,0,0,0,0,0,0,0,0,0,2,2,0,1,1,0,1,1,0,1,1,0,0,0,0,1,1,0,1,1,0,3,3,0
"357",19,19,0,1,1,0,0,0,0,0,0,0,0,0,0,0,0,0,0,0,0,11,11,0,10,10,0,10,10,0,12,11,1,0,0,0,10,10,0,17,17,0,30,27,3
"358",11,10,1,9,8,1,7,7,0,0,0,0,0,0,0,0,0,0,0,0,0,6,6,0,5,5,0,5,5,0,9,9,0,0,0,0,5,5,0,7,6,1,9,9,0
"359",4,4,0,4,4,0,3,3,0,2,2,0,2,2,0,2,2,0,0,0,0,5,5,0,2,2,0,2,2,0,1,1,0,0,0,0,2,2,0,10,7,3,6,6,0
"360",15,15,0,1,1,0,0,0,0,0,0,0,0,0,0,0,0,0,0,0,0,13,13,0,8,8,0,8,8,0,13,13,0,0,0,0,8,8,0,18,18,0,16,16,0
"361",20,20,0,11,11,0,8,8,0,2,2,0,2,2,0,0,0,0,0,0,0,19,19,0,12,12,0,12,12,0,19,19,0,0,0,0,12,12,0,6,6,0,20,20,0
"362",5,5,0,3,3,0,3,3,0,0,0,0,1,1,0,0,0,0,0,0,0,5,5,0,2,2,0,2,2,0,4,4,0,0,0,0,2,2,0,8,8,0,6,6,0
"363",7,7,0,5,5,0,3,3,0,0,0,0,0,0,0,0,0,0,0,0,0,7,7,0,6,6,0,6,6,0,7,7,0,0,0,0,6,6,0,11,10,1,13,12,1
"364",18,16,2,9,7,2,5,5,0,0,0,0,0,0,0,0,0,0,0,0,0,18,16,2,16,15,1,16,15,1,16,15,1,0,0,0,16,15,1,15,12,3,22,18,4
"365",16,16,0,16,16,0,15,15,0,2,2,0,5,5,0,2,2,0,0,0,0,18,18,0,17,17,0,17,17,0,15,15,0,0,0,0,17,17,0,23,21,2,23,22,1
"366",12,10,2,10,7,3,5,4,1,1,1,0,0,0,0,0,0,0,0,0,0,13,11,2,12,11,1,12,11,1,12,11,1,0,0,0,12,11,1,8,7,1,10,8,2
"367",2,2,0,2,2,0,3,3,0,0,0,0,2,2,0,9,7,2,1,1,0,2,2,0,2,2,0,2,2,0,2,2,0,0,0,0,2,2,0,5,4,1,3,3,0
"368",40,40,0,22,21,1,14,13,1,4,4,0,51,49,2,51,48,3,21,19,2,40,40,0,36,36,0,36,36,0,40,40,0,0,0,0,37,37,0,50,48,2,45,41,4
"369",17,16,1,8,8,0,5,5,0,4,4,0,17,16,1,12,12,0,7,7,0,12,12,0,12,12,0,12,12,0,15,14,1,0,0,0,12,12,0,29,26,3,14,13,1
"370",39,38,1,28,27,1,22,22,0,5,5,0,44,43,1,41,40,1,18,18,0,42,41,1,41,40,1,41,40,1,39,38,1,0,0,0,41,40,1,45,45,0,42,41,1
"371",42,41,1,22,22,0,20,20,0,6,6,0,46,45,1,41,40,1,15,15,0,42,41,1,37,36,1,37,36,1,42,41,1,0,0,0,40,39,1,45,44,1,43,42,1
"372",22,22,0,10,9,1,6,6,0,1,1,0,0,0,0,0,0,0,0,0,0,24,23,1,20,19,1,20,19,1,18,18,0,0,0,0,20,19,1,33,31,2,26,25,1
"373",25,24,1,10,10,0,3,3,0,1,1,0,0,0,0,0,0,0,0,0,0,26,25,1,25,24,1,25,24,1,21,20,1,0,0,0,25,24,1,22,19,3,27,25,2
"374",30,29,1,19,16,3,13,11,2,4,4,0,0,0,0,0,0,0,1,1,0,28,28,0,27,27,0,27,27,0,34,33,1,0,0,0,27,27,0,28,26,2,40,37,3
"375",5,5,0,2,2,0,1,1,0,0,0,0,1,1,0,1,1,0,1,1,0,5,5,0,5,5,0,5,5,0,5,5,0,0,0,0,5,5,0,3,3,0,4,4,0
"376",4,3,1,4,3,1,7,6,1,1,1,0,0,0,0,0,0,0,0,0,0,0,0,0,0,0,0,0,0,0,0,0,0,0,0,0,0,0,0,3,3,0,7,7,0
"377",14,14,0,7,7,0,8,8,0,6,6,0,0,0,0,0,0,0,3,1,2,12,12,0,9,9,0,9,9,0,12,12,0,0,0,0,9,9,0,15,14,1,19,17,2
"378",9,9,0,4,4,0,4,4,0,1,1,0,9,8,1,17,16,1,7,7,0,16,16,0,5,5,0,5,5,0,10,10,0,0,0,0,9,8,1,23,21,2,15,14,1
"379",8,8,0,5,5,0,5,5,0,1,1,0,3,3,0,3,3,0,0,0,0,4,4,0,4,4,0,4,4,0,8,8,0,0,0,0,4,4,0,23,19,4,12,12,0
"380",33,33,0,25,25,0,18,18,0,2,2,0,37,35,2,42,39,3,22,19,3,32,31,1,29,28,1,29,28,1,33,31,2,0,0,0,32,29,3,41,38,3,34,33,1
"381",23,22,1,7,7,0,6,6,0,3,3,0,18,18,0,16,16,0,2,2,0,19,19,0,17,17,0,17,17,0,18,17,1,0,0,0,17,17,0,24,24,0,20,19,1
"382",26,26,0,15,15,0,16,16,0,4,4,0,0,0,0,0,0,0,0,0,0,24,24,0,24,24,0,24,24,0,25,25,0,0,0,0,24,24,0,23,23,0,17,16,1
"383",2,2,0,9,8,1,9,8,1,3,3,0,0,0,0,0,0,0,0,0,0,2,2,0,2,2,0,2,2,0,3,2,1,0,0,0,2,2,0,9,7,2,18,14,4
"384",0,0,0,1,1,0,1,1,0,0,0,0,0,0,0,0,0,0,0,0,0,0,0,0,0,0,0,0,0,0,0,0,0,0,0,0,0,0,0,5,5,0,4,4,0
"385",3,3,0,1,1,0,2,1,1,1,0,1,0,0,0,0,0,0,0,0,0,3,3,0,3,3,0,3,3,0,5,4,1,0,0,0,3,3,0,14,9,5,6,6,0
"386",0,0,0,0,0,0,0,0,0,0,0,0,0,0,0,0,0,0,1,1,0,0,0,0,0,0,0,0,0,0,0,0,0,0,0,0,0,0,0,9,8,1,3,3,0
"387",8,8,0,1,1,0,1,1,0,0,0,0,0,0,0,0,0,0,0,0,0,8,8,0,8,8,0,8,8,0,8,8,0,0,0,0,8,8,0,13,11,2,14,14,0
"388",0,0,0,0,0,0,0,0,0,0,0,0,0,0,0,0,0,0,0,0,0,0,0,0,0,0,0,0,0,0,0,0,0,0,0,0,0,0,0,5,5,0,1,1,0
"389",32,32,0,26,25,1,27,24,3,2,2,0,2,2,0,0,0,0,0,0,0,26,26,0,25,25,0,25,25,0,25,25,0,0,0,0,25,25,0,29,27,2,25,25,0
"390",27,24,3,11,10,1,10,10,0,6,6,0,6,6,0,5,5,0,0,0,0,24,22,2,17,16,1,17,16,1,19,18,1,0,0,0,17,16,1,29,27,2,33,28,5
"391",4,4,0,9,9,0,11,11,0,4,4,0,0,0,0,0,0,0,0,0,0,4,4,0,4,4,0,4,4,0,6,6,0,0,0,0,4,4,0,12,9,3,13,13,0
"392",0,0,0,0,0,0,0,0,0,0,0,0,0,0,0,0,0,0,3,3,0,0,0,0,0,0,0,0,0,0,0,0,0,0,0,0,0,0,0,22,11,11,0,0,0
"393",6,6,0,7,7,0,1,1,0,0,0,0,7,7,0,10,8,2,3,2,1,5,5,0,5,5,0,5,5,0,5,5,0,0,0,0,5,5,0,10,8,2,6,6,0
"394",12,12,0,6,6,0,7,7,0,6,5,1,2,2,0,2,2,0,0,0,0,10,10,0,8,8,0,8,8,0,7,7,0,0,0,0,8,8,0,5,5,0,13,13,0
"395",13,12,1,2,2,0,3,3,0,0,0,0,14,13,1,15,14,1,7,7,0,11,10,1,11,10,1,11,10,1,4,4,0,0,0,0,11,10,1,21,20,1,15,14,1
"396",24,21,3,12,12,0,11,11,0,0,0,0,0,0,0,0,0,0,0,0,0,18,16,2,15,14,1,15,14,1,20,18,2,0,0,0,15,14,1,15,12,3,15,14,1
"397",25,25,0,10,10,0,10,10,0,0,0,0,2,2,0,0,0,0,0,0,0,25,25,0,24,24,0,24,24,0,25,25,0,0,0,0,24,24,0,27,24,3,28,27,1
"398",8,8,0,6,6,0,4,4,0,0,0,0,0,0,0,0,0,0,0,0,0,8,8,0,5,5,0,5,5,0,7,7,0,0,0,0,6,5,1,11,11,0,7,7,0
"399",4,3,1,11,10,1,11,10,1,0,0,0,0,0,0,0,0,0,0,0,0,8,7,1,3,3,0,2,2,0,7,6,1,0,0,0,3,3,0,21,19,2,13,11,2
"400",9,9,0,7,7,0,11,10,1,3,3,0,0,0,0,0,0,0,0,0,0,8,8,0,7,7,0,7,7,0,9,9,0,0,0,0,7,7,0,2,2,0,9,8,1
"401",43,43,0,31,31,0,22,22,0,5,5,0,50,50,0,44,44,0,8,8,0,43,43,0,45,45,0,45,45,0,43,43,0,0,0,0,45,45,0,51,51,0,55,55,0
"402",1,1,0,1,1,0,2,2,0,4,4,0,6,6,0,6,6,0,5,5,0,1,1,0,1,1,0,1,1,0,1,1,0,0,0,0,1,1,0,14,12,2,0,0,0
"403",2,2,0,0,0,0,0,0,0,0,0,0,0,0,0,0,0,0,0,0,0,0,0,0,0,0,0,0,0,0,1,1,0,0,0,0,0,0,0,6,5,1,8,8,0
"404",30,29,1,22,20,2,8,7,1,2,2,0,1,1,0,0,0,0,0,0,0,30,28,2,24,23,1,24,23,1,27,27,0,0,0,0,24,23,1,24,23,1,32,31,1
"405",19,19,0,11,11,0,3,3,0,0,0,0,4,4,0,0,0,0,0,0,0,20,20,0,18,18,0,18,18,0,17,17,0,0,0,0,18,18,0,20,20,0,30,29,1
"406",18,18,0,7,7,0,6,6,0,0,0,0,3,2,1,0,0,0,0,0,0,18,17,1,15,14,1,15,14,1,19,19,0,0,0,0,15,14,1,14,14,0,17,15,2
"407",24,24,0,10,10,0,9,9,0,3,3,0,24,24,0,22,22,0,13,13,0,24,24,0,24,24,0,24,24,0,24,24,0,0,0,0,24,24,0,37,36,1,23,23,0
"408",32,29,3,12,11,1,6,6,0,4,3,1,13,12,1,2,2,0,1,1,0,36,33,3,26,25,1,26,25,1,32,29,3,0,0,0,26,25,1,32,28,4,40,33,7
"409",26,25,1,15,15,0,14,13,1,4,4,0,6,6,0,6,6,0,0,0,0,26,25,1,25,24,1,25,24,1,25,24,1,0,0,0,25,24,1,35,34,1,29,28,1
"410",10,10,0,1,1,0,2,2,0,0,0,0,0,0,0,2,2,0,1,1,0,10,10,0,10,10,0,10,10,0,10,10,0,0,0,0,10,10,0,20,18,2,7,7,0
"411",5,5,0,9,8,1,2,2,0,0,0,0,0,0,0,0,0,0,0,0,0,7,7,0,7,7,0,7,7,0,4,4,0,0,0,0,7,7,0,7,7,0,3,3,0
"412",35,34,1,19,18,1,17,16,1,3,3,0,36,35,1,37,35,2,17,16,1,34,33,1,32,31,1,32,31,1,31,29,2,0,0,0,32,31,1,34,33,1,33,31,2
"413",18,16,2,12,12,0,11,11,0,2,2,0,0,0,0,2,2,0,1,1,0,16,14,2,10,10,0,10,10,0,15,14,1,0,0,0,12,11,1,15,14,1,19,18,1
"414",22,22,0,9,9,0,4,4,0,0,0,0,1,1,0,1,1,0,1,1,0,20,20,0,18,18,0,18,18,0,18,18,0,0,0,0,19,19,0,14,14,0,26,25,1
"415",10,10,0,2,2,0,1,1,0,0,0,0,0,0,0,0,0,0,0,0,0,4,4,0,4,4,0,4,4,0,3,3,0,0,0,0,4,4,0,3,3,0,6,6,0
"416",15,15,0,10,10,0,11,10,1,5,4,1,9,9,0,10,10,0,4,4,0,14,14,0,14,14,0,14,14,0,12,12,0,0,0,0,14,14,0,24,20,4,24,24,0
"417",16,16,0,13,12,1,12,11,1,0,0,0,0,0,0,0,0,0,0,0,0,16,16,0,11,11,0,11,11,0,13,13,0,0,0,0,11,11,0,11,11,0,17,16,1
"418",7,7,0,1,1,0,0,0,0,0,0,0,0,0,0,0,0,0,3,1,2,6,6,0,1,1,0,1,1,0,1,1,0,0,0,0,2,2,0,21,19,2,4,4,0
"419",5,4,1,3,3,0,1,1,0,0,0,0,4,4,0,4,4,0,2,2,0,6,5,1,0,0,0,0,0,0,0,0,0,0,0,0,0,0,0,10,10,0,7,7,0
"420",16,15,1,4,3,1,4,3,1,0,0,0,0,0,0,0,0,0,0,0,0,16,15,1,15,14,1,15,14,1,14,13,1,0,0,0,15,14,1,10,10,0,26,23,3
"421",6,6,0,5,5,0,0,0,0,0,0,0,0,0,0,0,0,0,0,0,0,7,7,0,7,7,0,7,7,0,7,7,0,0,0,0,7,7,0,16,11,5,9,9,0
"422",16,16,0,11,10,1,13,12,1,10,9,1,11,11,0,12,12,0,5,5,0,14,14,0,12,12,0,12,12,0,13,13,0,0,0,0,12,12,0,26,24,2,31,27,4
"423",2,2,0,0,0,0,0,0,0,0,0,0,0,0,0,0,0,0,0,0,0,2,2,0,2,2,0,2,2,0,4,3,1,0,0,0,2,2,0,11,8,3,9,9,0
"424",0,0,0,0,0,0,0,0,0,0,0,0,7,6,1,8,7,1,8,7,1,0,0,0,0,0,0,0,0,0,0,0,0,0,0,0,0,0,0,16,10,6,0,0,0
"425",1,1,0,0,0,0,0,0,0,0,0,0,0,0,0,0,0,0,0,0,0,1,1,0,1,1,0,1,1,0,1,1,0,0,0,0,1,1,0,30,14,16,0,0,0
"426",7,7,0,2,2,0,2,2,0,1,1,0,1,1,0,1,1,0,0,0,0,4,4,0,4,4,0,4,4,0,10,10,0,0,0,0,4,4,0,9,8,1,18,17,1
"427",9,9,0,10,10,0,7,7,0,0,0,0,15,15,0,11,11,0,3,3,0,9,9,0,6,6,0,6,6,0,5,5,0,0,0,0,6,6,0,13,13,0,16,16,0
"428",56,53,3,57,56,1,46,46,0,4,4,0,34,33,1,24,23,1,2,2,0,60,57,3,54,52,2,54,52,2,64,61,3,30,29,1,54,52,2,73,67,6,65,63,2
"429",7,7,0,1,1,0,1,1,0,0,0,0,0,0,0,0,0,0,2,2,0,7,7,0,7,7,0,7,7,0,6,6,0,0,0,0,7,7,0,8,8,0,9,9,0
"430",37,36,1,14,13,1,8,7,1,0,0,0,1,1,0,1,1,0,0,0,0,36,35,1,33,32,1,33,32,1,32,32,0,0,0,0,33,32,1,25,25,0,43,42,1
"431",20,18,2,1,1,0,1,1,0,0,0,0,1,1,0,1,1,0,2,2,0,18,17,1,3,3,0,3,3,0,2,2,0,0,0,0,5,4,1,16,15,1,22,21,1
"432",4,4,0,4,4,0,4,4,0,2,2,0,3,3,0,4,4,0,7,7,0,4,4,0,4,4,0,4,4,0,4,4,0,0,0,0,4,4,0,8,7,1,3,3,0
"433",12,12,0,9,9,0,2,2,0,0,0,0,9,9,0,11,10,1,0,0,0,16,15,1,10,9,1,10,9,1,10,10,0,0,0,0,11,10,1,19,18,1,10,10,0
"434",14,14,0,7,7,0,7,7,0,0,0,0,6,6,0,4,4,0,3,3,0,1,1,0,1,1,0,1,1,0,1,1,0,0,0,0,1,1,0,26,18,8,23,22,1
"435",11,11,0,11,11,0,12,12,0,6,5,1,0,0,0,0,0,0,0,0,0,12,12,0,9,9,0,9,9,0,9,9,0,0,0,0,9,9,0,14,14,0,14,14,0
"436",6,6,0,7,7,0,2,2,0,0,0,0,0,0,0,0,0,0,0,0,0,6,6,0,6,6,0,6,6,0,6,6,0,0,0,0,6,6,0,25,24,1,3,3,0
"437",2,2,0,5,4,1,6,5,1,3,2,1,0,0,0,0,0,0,0,0,0,2,2,0,2,2,0,2,2,0,0,0,0,0,0,0,159,3,156,8,7,1,7,6,1
"438",0,0,0,0,0,0,0,0,0,0,0,0,0,0,0,0,0,0,0,0,0,0,0,0,0,0,0,0,0,0,0,0,0,0,0,0,0,0,0,10,9,1,0,0,0
"439",16,16,0,4,3,1,3,2,1,0,0,0,0,0,0,0,0,0,0,0,0,19,19,0,16,16,0,15,15,0,15,15,0,0,0,0,16,16,0,34,30,4,16,15,1
"440",29,29,0,8,8,0,8,8,0,0,0,0,33,31,2,32,30,2,15,13,2,30,29,1,30,29,1,30,29,1,31,29,2,0,0,0,30,29,1,38,37,1,32,30,2
"441",54,52,2,46,44,2,36,34,2,6,6,0,30,30,0,38,36,2,11,11,0,53,51,2,47,46,1,47,46,1,52,50,2,24,23,1,48,46,2,53,49,4,48,46,2
"442",13,13,0,3,3,0,0,0,0,0,0,0,0,0,0,0,0,0,0,0,0,12,12,0,10,10,0,10,10,0,13,13,0,0,0,0,10,10,0,23,12,11,13,13,0
"443",12,12,0,8,8,0,7,7,0,1,1,0,3,3,0,4,4,0,3,3,0,12,12,0,11,11,0,11,11,0,10,10,0,0,0,0,11,11,0,18,15,3,30,29,1
"444",5,5,0,7,7,0,2,2,0,0,0,0,17,17,0,14,14,0,5,5,0,4,4,0,4,4,0,4,4,0,5,5,0,0,0,0,4,4,0,16,16,0,14,14,0
"445",24,24,0,15,15,0,16,16,0,6,5,1,0,0,0,0,0,0,5,4,1,24,24,0,22,22,0,22,22,0,24,24,0,0,0,0,22,22,0,27,23,4,25,25,0
"446",0,0,0,0,0,0,0,0,0,0,0,0,0,0,0,0,0,0,0,0,0,0,0,0,0,0,0,0,0,0,0,0,0,0,0,0,0,0,0,8,6,2,0,0,0
"447",21,21,0,1,1,0,2,2,0,1,1,0,21,21,0,28,28,0,8,8,0,21,21,0,15,15,0,15,15,0,15,15,0,0,0,0,15,15,0,29,29,0,22,22,0
"448",23,22,1,23,21,2,18,16,2,11,8,3,1,1,0,2,2,0,4,4,0,22,21,1,21,20,1,21,20,1,23,22,1,0,0,0,21,20,1,16,15,1,24,22,2
"449",1,1,0,1,1,0,0,0,0,0,0,0,0,0,0,0,0,0,0,0,0,1,1,0,1,1,0,0,0,0,0,0,0,0,0,0,1,1,0,8,6,2,2,2,0
"450",18,18,0,10,10,0,10,10,0,2,2,0,17,17,0,16,16,0,3,3,0,19,19,0,17,17,0,15,15,0,17,17,0,0,0,0,15,15,0,12,12,0,20,20,0
"451",2,2,0,4,4,0,3,3,0,1,1,0,0,0,0,0,0,0,0,0,0,2,2,0,2,2,0,2,2,0,2,2,0,0,0,0,3,2,1,14,12,2,7,7,0
"452",9,9,0,9,9,0,9,9,0,5,5,0,0,0,0,0,0,0,0,0,0,10,10,0,1,1,0,1,1,0,3,3,0,0,0,0,1,1,0,22,16,6,13,13,0
"453",7,6,1,5,5,0,3,3,0,3,3,0,0,0,0,0,0,0,0,0,0,3,3,0,3,3,0,3,3,0,7,6,1,0,0,0,3,3,0,16,10,6,4,3,1
"454",14,14,0,4,4,0,3,3,0,0,0,0,16,16,0,16,16,0,10,9,1,11,11,0,10,10,0,10,10,0,14,14,0,0,0,0,10,10,0,12,12,0,13,13,0
"455",8,8,0,0,0,0,0,0,0,0,0,0,0,0,0,0,0,0,0,0,0,8,8,0,1,1,0,1,1,0,3,3,0,0,0,0,1,1,0,11,9,2,7,6,1
"456",7,7,0,2,2,0,2,2,0,0,0,0,1,1,0,4,4,0,1,1,0,7,7,0,7,7,0,7,7,0,6,6,0,0,0,0,7,7,0,15,15,0,14,14,0
"457",6,6,0,7,7,0,10,10,0,0,0,0,2,2,0,0,0,0,0,0,0,6,6,0,6,6,0,6,6,0,2,2,0,0,0,0,6,6,0,13,13,0,9,9,0
"458",20,20,0,7,7,0,4,4,0,0,0,0,0,0,0,0,0,0,1,1,0,23,23,0,18,18,0,18,18,0,18,18,0,0,0,0,18,18,0,17,17,0,16,16,0
"459",34,33,1,29,26,3,26,23,3,5,5,0,8,8,0,5,5,0,0,0,0,34,33,1,32,32,0,32,32,0,32,32,0,0,0,0,32,32,0,25,25,0,42,39,3
"460",25,23,2,19,18,1,16,15,1,0,0,0,0,0,0,0,0,0,0,0,0,25,23,2,21,19,2,21,19,2,22,20,2,0,0,0,21,19,2,16,13,3,30,26,4
"461",24,24,0,2,2,0,2,2,0,1,1,0,25,25,0,21,20,1,12,12,0,23,23,0,14,14,0,14,14,0,18,18,0,0,0,0,14,14,0,33,31,2,33,30,3
"462",12,12,0,3,3,0,2,2,0,0,0,0,2,2,0,2,2,0,1,1,0,11,11,0,7,7,0,7,7,0,12,12,0,0,0,0,7,7,0,25,18,7,14,14,0
"463",10,10,0,2,2,0,0,0,0,0,0,0,7,7,0,2,2,0,0,0,0,10,10,0,10,10,0,10,10,0,10,10,0,0,0,0,10,10,0,12,11,1,8,8,0
"464",4,4,0,5,5,0,5,5,0,3,3,0,0,0,0,0,0,0,0,0,0,4,4,0,4,4,0,4,4,0,3,3,0,0,0,0,4,4,0,21,10,11,2,2,0
"465",15,15,0,5,5,0,3,3,0,0,0,0,0,0,0,0,0,0,0,0,0,14,14,0,14,14,0,14,14,0,11,11,0,0,0,0,14,14,0,13,12,1,19,19,0
"466",8,8,0,3,3,0,3,3,0,0,0,0,1,1,0,1,1,0,2,2,0,7,7,0,4,4,0,4,4,0,6,6,0,0,0,0,4,4,0,18,17,1,8,8,0
"467",48,44,4,33,31,2,29,27,2,4,4,0,39,37,2,34,33,1,2,2,0,46,42,4,45,41,4,45,41,4,39,38,1,0,0,0,137,41,96,49,46,3,39,35,4
"468",13,13,0,6,6,0,5,5,0,0,0,0,21,17,4,15,12,3,0,0,0,13,13,0,6,6,0,6,6,0,8,8,0,0,0,0,6,6,0,22,16,6,21,20,1
"469",22,22,0,10,10,0,8,8,0,0,0,0,9,9,0,11,11,0,1,1,0,21,21,0,13,13,0,13,13,0,18,18,0,0,0,0,13,13,0,26,23,3,24,24,0
"470",5,5,0,2,2,0,2,2,0,0,0,0,0,0,0,0,0,0,0,0,0,5,5,0,5,5,0,5,5,0,5,5,0,0,0,0,5,5,0,11,7,4,6,6,0
"471",19,18,1,16,14,2,11,9,2,4,3,1,10,10,0,13,13,0,9,9,0,18,18,0,14,14,0,14,14,0,19,18,1,0,0,0,14,14,0,34,32,2,18,17,1
"472",7,7,0,0,0,0,0,0,0,0,0,0,10,9,1,9,8,1,0,0,0,7,7,0,2,2,0,2,2,0,6,6,0,0,0,0,2,2,0,18,18,0,13,13,0
"473",29,29,0,17,17,0,13,13,0,5,5,0,4,4,0,0,0,0,0,0,0,26,26,0,26,26,0,26,26,0,27,27,0,0,0,0,26,26,0,21,20,1,25,25,0
"474",6,6,0,2,2,0,1,1,0,0,0,0,1,1,0,1,1,0,3,2,1,6,6,0,6,6,0,6,6,0,7,7,0,0,0,0,6,6,0,18,16,2,0,0,0
"475",12,12,0,1,1,0,1,1,0,1,1,0,0,0,0,0,0,0,0,0,0,12,12,0,12,12,0,12,12,0,12,12,0,0,0,0,12,12,0,21,14,7,12,12,0
"476",0,0,0,0,0,0,1,1,0,0,0,0,0,0,0,0,0,0,0,0,0,0,0,0,0,0,0,0,0,0,1,1,0,0,0,0,0,0,0,0,0,0,0,0,0
"477",30,29,1,21,21,0,15,15,0,3,3,0,28,27,1,31,28,3,13,11,2,26,26,0,20,20,0,20,20,0,33,31,2,0,0,0,20,20,0,44,41,3,24,23,1
"478",16,16,0,14,14,0,11,11,0,0,0,0,3,3,0,1,1,0,2,2,0,17,17,0,14,14,0,14,14,0,11,11,0,0,0,0,14,14,0,19,19,0,19,19,0
"479",28,26,2,10,10,0,7,7,0,0,0,0,20,16,4,19,15,4,1,0,1,26,25,1,22,22,0,22,22,0,23,22,1,0,0,0,22,22,0,27,24,3,26,24,2
"480",16,15,1,0,0,0,0,0,0,1,1,0,5,5,0,7,7,0,4,4,0,17,16,1,12,12,0,12,12,0,16,15,1,0,0,0,12,12,0,24,22,2,15,14,1
"481",0,0,0,0,0,0,0,0,0,0,0,0,0,0,0,0,0,0,0,0,0,0,0,0,0,0,0,0,0,0,0,0,0,0,0,0,0,0,0,13,8,5,0,0,0
"482",4,4,0,4,4,0,2,2,0,0,0,0,0,0,0,0,0,0,0,0,0,4,4,0,4,4,0,4,4,0,3,3,0,0,0,0,4,4,0,11,9,2,5,5,0
"483",16,15,1,11,11,0,5,5,0,0,0,0,6,6,0,4,4,0,0,0,0,16,15,1,14,13,1,14,13,1,16,15,1,0,0,0,14,13,1,18,17,1,25,22,3
"484",12,11,1,6,6,0,5,5,0,3,3,0,0,0,0,0,0,0,0,0,0,12,11,1,11,11,0,11,11,0,16,16,0,0,0,0,11,11,0,17,12,5,16,13,3
"485",25,25,0,18,18,0,9,9,0,3,3,0,20,20,0,21,21,0,8,8,0,26,26,0,14,14,0,14,14,0,23,23,0,0,0,0,14,14,0,33,32,1,28,27,1
"486",1,1,0,1,1,0,0,0,0,0,0,0,0,0,0,0,0,0,0,0,0,1,1,0,1,1,0,1,1,0,1,1,0,0,0,0,1,1,0,9,6,3,6,6,0
"487",21,21,0,20,19,1,15,14,1,2,2,0,17,17,0,13,13,0,4,4,0,17,17,0,18,18,0,18,18,0,19,19,0,0,0,0,19,19,0,39,37,2,23,23,0
"488",14,14,0,10,10,0,5,5,0,0,0,0,17,16,1,15,14,1,0,0,0,15,15,0,12,12,0,12,12,0,11,11,0,0,0,0,12,12,0,23,22,1,16,16,0
"489",30,29,1,21,20,1,13,13,0,4,4,0,38,36,2,36,34,2,25,24,1,29,29,0,30,30,0,30,30,0,32,30,2,0,0,0,30,30,0,36,35,1,32,30,2
"490",13,13,0,12,12,0,8,8,0,2,2,0,7,7,0,5,5,0,3,3,0,11,11,0,11,11,0,11,11,0,11,11,0,0,0,0,11,11,0,22,18,4,12,12,0
"491",2,2,0,0,0,0,0,0,0,0,0,0,1,1,0,1,1,0,0,0,0,2,2,0,2,2,0,2,2,0,2,2,0,0,0,0,2,2,0,13,13,0,1,1,0
"492",23,23,0,16,16,0,13,13,0,6,6,0,29,28,1,32,30,2,11,11,0,22,22,0,22,22,0,22,22,0,22,22,0,0,0,0,22,22,0,32,31,1,29,28,1
"493",5,5,0,4,4,0,3,3,0,0,0,0,7,7,0,9,8,1,5,4,1,5,5,0,5,5,0,5,5,0,5,5,0,0,0,0,5,5,0,10,8,2,8,7,1
"494",14,13,1,8,8,0,6,6,0,1,1,0,0,0,0,0,0,0,0,0,0,14,13,1,14,13,1,14,13,1,12,11,1,0,0,0,15,13,2,15,15,0,15,14,1
"495",10,10,0,5,5,0,5,5,0,0,0,0,3,3,0,2,2,0,0,0,0,8,8,0,6,6,0,6,6,0,9,9,0,0,0,0,6,6,0,13,11,2,8,8,0
"496",19,18,1,12,12,0,9,9,0,1,1,0,8,8,0,4,4,0,4,4,0,20,19,1,19,18,1,19,18,1,18,17,1,0,0,0,19,18,1,14,13,1,14,14,0
"497",15,15,0,5,5,0,6,6,0,3,3,0,5,5,0,6,6,0,1,1,0,14,14,0,9,9,0,8,8,0,15,15,0,0,0,0,8,8,0,12,12,0,14,14,0
"498",2,2,0,1,1,0,1,1,0,0,0,0,0,0,0,0,0,0,0,0,0,2,2,0,1,1,0,1,1,0,2,2,0,0,0,0,1,1,0,10,9,1,8,8,0
"499",2,2,0,8,8,0,8,8,0,0,0,0,0,0,0,0,0,0,0,0,0,2,2,0,2,2,0,2,2,0,6,6,0,0,0,0,2,2,0,12,12,0,15,15,0
"500",16,16,0,6,6,0,5,5,0,0,0,0,0,0,0,0,0,0,0,0,0,15,15,0,9,9,0,9,9,0,15,15,0,0,0,0,11,10,1,16,14,2,10,10,0
